Country Name,Country Code,Indicator Name,Indicator Code,2000,2001,2002,2003,2004,2005,2006,2007,2008,2009,2010,2011,2012,2013,2014,2015,2016,2017
Aruba,ABW,Domestic general government health expenditure (% of general government expenditure),SH.XPD.GHED.GE.ZS,,,,,,,,,,,,,,,,,,
Afghanistan,AFG,Domestic general government health expenditure (% of general government expenditure),SH.XPD.GHED.GE.ZS,,,1.212456077,5.45767881,3.602968156,3.370978311,2.720029466,2.607085556,3.001284413,2.512572519,2.255470678,2.188119292,1.370002795,1.775069535,1.860673912,2.014405839,2.141105384,2.319115587
Angola,AGO,Domestic general government health expenditure (% of general government expenditure),SH.XPD.GHED.GE.ZS,2.738582715,5.968254805,4.19123061,4.26046811,5.659238994,4.820637777,4.718748853,4.5162756,4.060370103,5.777882412,4.249562323,4.580565542,4.201509431,4.575404897,3.615677357,4.562623054,5.432702601,5.428365618
Albania,ALB,Domestic general government health expenditure (% of general government expenditure),SH.XPD.GHED.GE.ZS,8.048538864,8.273106068,8.417438716,8.764516562,10.12861952,9.253719449,8.851005882,9.05271247,12.9927665,12.49571964,15.21397829,14.75292593,14.38147426,14.7831738,13.94028217,14.55457658,15.05011916,14.67889696
Andorra,AND,Domestic general government health expenditure (% of general government expenditure),SH.XPD.GHED.GE.ZS,12.99244463,13.19181323,12.59224564,10.66864654,9.72577855,10.99657342,10.97174361,10.94918177,10.92858985,10.90972051,10.89236662,11.57501787,12.46814057,13.43714446,14.95778114,15.24368525,14.01755512,14.01755512
Arab World,ARB,Domestic general government health expenditure (% of general government expenditure),SH.XPD.GHED.GE.ZS,,,,,,,,,,,,,,,,,,
United Arab Emirates,ARE,Domestic general government health expenditure (% of general government expenditure),SH.XPD.GHED.GE.ZS,7.566104829,7.583577186,7.80031383,8.087504655,7.940206677,8.376822621,8.527161926,8.526886255,8.526668698,8.526889235,8.526790887,8.526767045,8.526714146,8.526798338,7.777822018,7.890500873,7.890500873,7.890500873
Argentina,ARG,Domestic general government health expenditure (% of general government expenditure),SH.XPD.GHED.GE.ZS,17.81988442,17.3733294,18.45797002,17.12620705,16.25915617,16.02220833,15.09966254,14.40140903,14.65610117,16.42301381,16.69303328,16.27794802,16.66150391,16.54280722,16.28563553,16.49756283,13.48638982,16.05131179
Armenia,ARM,Domestic general government health expenditure (% of general government expenditure),SH.XPD.GHED.GE.ZS,3.869891912,5.662647635,5.325528979,5.375227705,6.275475025,7.440008223,7.931859046,7.198548317,6.692461669,6.344901025,6.436088681,6.701020151,7.040753961,5.780885369,6.275271624,6.115298718,6.053524464,5.273468047
American Samoa,ASM,Domestic general government health expenditure (% of general government expenditure),SH.XPD.GHED.GE.ZS,,,,,,,,,,,,,,,,,,
Antigua and Barbuda,ATG,Domestic general government health expenditure (% of general government expenditure),SH.XPD.GHED.GE.ZS,11.00059897,11.54514626,11.15336642,13.28924447,12.70340532,11.43136248,8.490018547,9.407893568,8.793883026,6.900241226,13.12745959,11.7162101,13.50103617,13.13129216,12.88295984,9.925106168,8.850868791,9.478637576
Australia,AUS,Domestic general government health expenditure (% of general government expenditure),SH.XPD.GHED.GE.ZS,15.16428292,15.11679739,15.88337123,15.98158032,16.40865058,16.3349703,16.51004255,16.93683565,16.56466722,16.16214663,16.26325101,16.64990634,16.25464559,16.52748585,16.62887484,17.22873449,17.48488843,17.79732704
Austria,AUT,Domestic general government health expenditure (% of general government expenditure),SH.XPD.GHED.GE.ZS,13.37524503,13.29257935,13.51373047,13.61917406,13.0268842,13.67242336,13.78215998,14.09157813,14.38890547,13.75788003,14.00380135,14.31893855,14.51292932,14.37263042,14.34008479,14.69109952,14.96718228,15.3053984
Azerbaijan,AZE,Domestic general government health expenditure (% of general government expenditure),SH.XPD.GHED.GE.ZS,4.750290513,4.708520323,3.171582147,3.594952822,3.565131128,4.080377519,3.423639014,3.479012102,2.747280523,3.276855871,3.162823617,2.809848823,3.039781563,2.813868783,3.101027943,3.367708623,3.288501501,2.814341895
Burundi,BDI,Domestic general government health expenditure (% of general government expenditure),SH.XPD.GHED.GE.ZS,5.944539979,6.662638485,6.379578263,3.700295836,5.804183707,6.223298609,6.479272991,6.313220412,3.779122978,5.473817512,4.860658944,8.227879554,7.110298425,4.431694746,8.0871135,9.197464585,8.521398902,8.521398902
Belgium,BEL,Domestic general government health expenditure (% of general government expenditure),SH.XPD.GHED.GE.ZS,12.06723005,12.41342276,12.30567321,13.33052814,14.20668513,13.39431256,13.98462951,13.99281919,14.32244182,14.55422044,14.53510374,14.4189015,14.35229331,14.41491097,14.70677257,14.84167576,14.96305615,15.31389654
Benin,BEN,Domestic general government health expenditure (% of general government expenditure),SH.XPD.GHED.GE.ZS,5.159786344,6.001760438,4.747795686,4.857162386,5.476681516,4.829772934,5.531863496,3.769542649,3.868881986,4.396925122,5.146621913,5.404381827,5.245332792,5.133786052,4.044613615,3.225149214,3.724785149,4.575169459
Burkina Faso,BFA,Domestic general government health expenditure (% of general government expenditure),SH.XPD.GHED.GE.ZS,4.848368466,4.942176864,5.43493107,5.569729209,8.39099884,6.048640609,6.540688872,6.270682812,7.32152611,7.629394531,6.03232421,6.587376446,4.696061835,6.382916868,7.77368173,7.152626663,11.03400141,9.991507232
Bangladesh,BGD,Domestic general government health expenditure (% of general government expenditure),SH.XPD.GHED.GE.ZS,5.209789053,3.578291088,4.539870471,4.755308479,4.865266383,4.388784245,4.728202894,5.075031146,3.840799257,4.115160555,4.439389706,4.140824452,3.955042735,3.584834561,3.611744195,3.379679471,3.020079806,2.994463034
Bulgaria,BGR,Domestic general government health expenditure (% of general government expenditure),SH.XPD.GHED.GE.ZS,8.511219174,9.465516359,10.74446067,11.33319288,10.82743034,11.16988063,10.79413965,9.105220437,9.38795507,9.036036581,10.85204482,11.41827255,11.19731218,10.74194163,10.39205119,10.30467004,11.85747832,11.98597699
Bahrain,BHR,Domestic general government health expenditure (% of general government expenditure),SH.XPD.GHED.GE.ZS,10.18348187,8.898221701,8.066956699,8.506070822,8.662267029,8.617781103,8.755065501,9.268762916,9.177777916,10.1131618,8.476413041,8.059773594,8.40818435,8.180999756,10.09125337,8.828698099,8.493938297,8.493837714
"Bahamas, The",BHS,Domestic general government health expenditure (% of general government expenditure),SH.XPD.GHED.GE.ZS,16.2408188,16.38553888,17.30204523,16.56611562,17.93468446,16.66329205,19.28304434,17.28527248,17.99828559,16.99679643,17.26662666,16.04664028,16.04221612,15.85879922,14.84172344,15.86854458,15.98214358,11.25084981
Bosnia and Herzegovina,BIH,Domestic general government health expenditure (% of general government expenditure),SH.XPD.GHED.GE.ZS,7.258587331,8.625295013,9.322557598,11.58978045,11.31878346,10.80871597,10.95925793,11.32541522,10.91851443,12.52638996,12.40111589,13.51721734,13.88137937,14.61209804,14.39765692,15.23594856,15.53459615,15.47477245
Belarus,BLR,Domestic general government health expenditure (% of general government expenditure),SH.XPD.GHED.GE.ZS,12.12932095,10.04257649,9.320760518,10.07395536,9.995745122,10.05169824,8.442874253,8.124538511,5.803406611,6.731016934,8.685326576,7.664907724,8.854530007,8.743941784,8.684837818,8.826386929,10.30651331,10.61909571
Belize,BLZ,Domestic general government health expenditure (% of general government expenditure),SH.XPD.GHED.GE.ZS,6.588762999,7.195099443,7.160866261,8.00999105,8.291687071,9.493513405,10.46253666,10.1952672,11.50461361,12.97104359,13.10773343,12.55502701,12.43475452,12.79214621,10.59654802,11.81301028,11.79769337,10.99099591
Bermuda,BMU,Domestic general government health expenditure (% of general government expenditure),SH.XPD.GHED.GE.ZS,,,,,,,,,,,,,,,,,,
Bolivia,BOL,Domestic general government health expenditure (% of general government expenditure),SH.XPD.GHED.GE.ZS,8.295983076,8.180120587,7.815951854,8.611682057,7.839162648,8.298798651,8.752001822,8.500248939,7.646891475,8.817284554,9.705902636,8.543413877,8.314374834,8.489089459,8.536036313,9.657795727,11.09327003,11.52297035
Brazil,BRA,Domestic general government health expenditure (% of general government expenditure),SH.XPD.GHED.GE.ZS,10.06367356,9.695516527,9.47290808,8.561163396,9.066973627,8.40768218,9.032724053,9.260009974,9.366369247,9.991086274,9.220076352,9.223227948,9.011042118,9.483257681,9.723278135,9.849166125,9.924077988,10.25529578
Barbados,BRB,Domestic general government health expenditure (% of general government expenditure),SH.XPD.GHED.GE.ZS,12.27690428,12.37926781,9.013995528,11.1189276,13.41295093,11.77856326,11.79474145,10.16448736,10.88561267,11.25129312,10.3744626,10.24545431,12.40838021,10.81262305,9.916579723,9.084618837,9.293606877,9.0802975
Brunei Darussalam,BRN,Domestic general government health expenditure (% of general government expenditure),SH.XPD.GHED.GE.ZS,5.720102414,5.971609801,5.114002526,6.989408284,6.395515054,6.43293336,5.813760683,5.773895979,6.207094714,6.21688664,5.77683486,5.743024498,5.443535,5.120741948,5.203926936,5.864892527,6.153300032,6.153300032
Bhutan,BTN,Domestic general government health expenditure (% of general government expenditure),SH.XPD.GHED.GE.ZS,7.580257207,6.47566393,7.795042545,7.675846666,9.092003852,6.770277023,6.686345488,7.422681153,6.636428088,6.632999331,5.598505586,6.333176792,6.657087058,7.248539478,8.030998707,9.953136742,8.304095268,7.900569588
Botswana,BWA,Domestic general government health expenditure (% of general government expenditure),SH.XPD.GHED.GE.ZS,8.178296685,8.178296685,8.178296685,8.178296685,8.178296685,8.178296685,8.178296685,8.178296685,7.644806802,6.252062321,8.060934395,9.632252157,10.68447828,11.93448156,10.95858142,10.41588783,11.21129468,14.31547403
Central African Republic,CAF,Domestic general government health expenditure (% of general government expenditure),SH.XPD.GHED.GE.ZS,10.93483269,11.12654209,8.963469416,14.11260217,11.78090721,9.788123518,11.57235727,13.79668564,8.12048018,4.747126997,5.723934621,5.309910327,6.180198491,4.242676497,4.563681781,3.490509465,5.00911437,5.034865066
Canada,CAN,Domestic general government health expenditure (% of general government expenditure),SH.XPD.GHED.GE.ZS,14.81562704,15.27647972,15.88256657,16.36354476,16.9260785,17.1310395,17.65489578,17.96355397,18.19825619,18.23414713,18.25934947,18.48841012,18.79557371,19.0253213,19.47153062,19.55002397,19.52591091,19.32792515
Central Europe and the Baltics,CEB,Domestic general government health expenditure (% of general government expenditure),SH.XPD.GHED.GE.ZS,9.71908402,9.901639877,10.27969391,10.70444052,10.94598353,11.02832575,10.7304921,10.81589623,11.14787505,11.29867672,11.26553393,11.0064016,11.0955739,11.47211426,11.38754009,11.23756377,11.87928758,11.95790749
Switzerland,CHE,Domestic general government health expenditure (% of general government expenditure),SH.XPD.GHED.GE.ZS,8.16039741,9.052657336,9.127540141,9.650919586,9.601785988,9.650542587,9.530812502,9.750089794,9.909430891,10.0830391,10.08973718,10.3785187,10.78629047,10.37888601,10.4543522,10.63521579,10.60670167,11.02358699
Channel Islands,CHI,Domestic general government health expenditure (% of general government expenditure),SH.XPD.GHED.GE.ZS,,,,,,,,,,,,,,,,,,
Chile,CHL,Domestic general government health expenditure (% of general government expenditure),SH.XPD.GHED.GE.ZS,10.9562926,11.13347486,11.6636306,12.48133257,13.10177892,12.86940724,13.40540349,13.59830648,13.4614557,13.60349208,13.68154883,14.01221752,14.57409114,15.38624167,15.69285989,16.02262855,16.73219651,17.73182154
China,CHN,Domestic general government health expenditure (% of general government expenditure),SH.XPD.GHED.GE.ZS,6.089840829,5.589236319,6.025789678,6.876515597,7.266055793,7.488824427,7.563826442,7.901349664,7.708581537,8.375234902,8.750924468,8.602852374,9.037293494,9.41683948,9.626540542,9.393274784,9.064706415,9.07209143
Cote d'Ivoire,CIV,Domestic general government health expenditure (% of general government expenditure),SH.XPD.GHED.GE.ZS,4.557598755,4.456547275,4.147966951,4.067089781,4.145139828,3.891344368,3.85719277,3.963643685,4.135719687,4.645155743,4.062090069,4.393682629,4.622004554,4.589888081,5.111254007,4.748418555,4.816297442,5.095548555
Cameroon,CMR,Domestic general government health expenditure (% of general government expenditure),SH.XPD.GHED.GE.ZS,4.426277429,5.343975499,6.433168799,6.515371799,5.261837691,5.247471854,5.183135718,4.263425618,3.436373174,4.685650021,5.088167638,6.012749672,3.716623783,3.207236156,2.55983416,3.251418844,2.954733931,3.137207404
"Congo, Dem. Rep.",COD,Domestic general government health expenditure (% of general government expenditure),SH.XPD.GHED.GE.ZS,2.51171831,2.51171831,2.51171831,2.51171831,2.51171831,2.51171831,2.51171831,2.51171831,2.51171831,2.51171831,2.51171831,2.54858993,3.905751556,3.931780905,2.979442477,3.842050955,3.853575513,3.32910046
"Congo, Rep.",COG,Domestic general government health expenditure (% of general government expenditure),SH.XPD.GHED.GE.ZS,2.27290336,3.319019079,1.344271936,1.855257899,1.784299314,1.953152567,2.083794214,2.052074485,4.548918083,2.528162301,3.602102026,2.336825617,2.671312913,2.209489793,1.949966513,2.709809318,2.885023132,3.398465365
Colombia,COL,Domestic general government health expenditure (% of general government expenditure),SH.XPD.GHED.GE.ZS,14.87092078,15.26100487,14.86234963,15.59660733,15.7601729,16.83542579,16.05467051,16.26566648,17.68387556,17.73576438,17.3473075,17.32943058,16.7284891,17.61315912,17.12494195,17.19218791,17.95146614,17.48571545
Comoros,COM,Domestic general government health expenditure (% of general government expenditure),SH.XPD.GHED.GE.ZS,9.734386951,5.581774563,7.316817343,7.463046163,7.535498589,6.683077663,5.961184576,5.108721182,3.652850911,3.525403887,3.510174528,7.51401484,3.438456729,3.802842647,3.804069385,3.804180771,3.633891419,3.365019336
Cabo Verde,CPV,Domestic general government health expenditure (% of general government expenditure),SH.XPD.GHED.GE.ZS,7.501588017,11.17305234,9.504278004,11.36700138,9.631425887,8.802898973,8.921064436,10.09018868,8.106990904,8.309452981,7.229431719,8.60780254,8.86496976,9.029556066,9.983071685,10.09140387,10.38917601,9.855094552
Costa Rica,CRI,Domestic general government health expenditure (% of general government expenditure),SH.XPD.GHED.GE.ZS,25.26386678,24.5625034,24.75740463,26.33237243,25.73767602,25.70562959,29.50897217,31.20632172,32.37931132,33.09889138,31.73522651,32.76521266,31.29061162,29.14552093,29.1367799,29.49174941,28.55218351,26.90707147
Caribbean small states,CSS,Domestic general government health expenditure (% of general government expenditure),SH.XPD.GHED.GE.ZS,,8.95305762,9.588130647,9.157679574,10.46100409,9.648394721,8.82430627,8.943580408,8.628655057,8.683585366,9.506319725,9.440405829,9.516424744,9.903759161,9.250178402,10.1871089,,11.63151518
Cuba,CUB,Domestic general government health expenditure (% of general government expenditure),SH.XPD.GHED.GE.ZS,10.80231443,11.39179543,11.19047031,10.8908236,10.32092646,11.66760921,11.20564342,14.48142976,13.17769587,14.93230462,13.86582106,15.09354115,11.4945963,14.14057612,18.0244714,18.24558675,17.30540991,15.874964
Curacao,CUW,Domestic general government health expenditure (% of general government expenditure),SH.XPD.GHED.GE.ZS,,,,,,,,,,,,,,,,,,
Cayman Islands,CYM,Domestic general government health expenditure (% of general government expenditure),SH.XPD.GHED.GE.ZS,,,,,,,,,,,,,,,,,,
Cyprus,CYP,Domestic general government health expenditure (% of general government expenditure),SH.XPD.GHED.GE.ZS,6.331716478,6.329428405,6.744594127,6.113420427,5.790805444,5.741296709,6.047253311,6.149923056,6.517063826,6.531305611,7.132442296,7.24593997,7.164374739,7.497195154,5.997451022,7.050246,7.52126798,7.581724226
Czech Republic,CZE,Domestic general government health expenditure (% of general government expenditure),SH.XPD.GHED.GE.ZS,12.38068268,11.91712767,12.18314543,11.62011847,13.14496994,12.86466867,12.80900389,12.48564273,12.67581284,13.67564201,13.23504001,13.56872171,13.20122629,15.28370678,14.89173919,14.28319812,14.82672393,15.17961919
Germany,DEU,Domestic general government health expenditure (% of general government expenditure),SH.XPD.GHED.GE.ZS,17.20867306,16.46815538,16.67439193,16.76462144,16.5534392,16.78167135,17.05785245,17.52942801,17.58017838,17.73896515,17.64219552,18.08955222,18.36710572,18.68424416,19.20690387,19.51473504,19.59019601,19.88083422
Djibouti,DJI,Domestic general government health expenditure (% of general government expenditure),SH.XPD.GHED.GE.ZS,6.07547611,5.968404934,5.495636165,5.815307051,5.386150256,5.327818543,7.23246336,6.526592374,6.34888038,6.139917299,6.97048679,8.474492282,7.133293897,6.735047698,6.072990969,4.069509357,4.069509357,4.069509357
Dominica,DMA,Domestic general government health expenditure (% of general government expenditure),SH.XPD.GHED.GE.ZS,8.428571373,11.15241647,11.01562232,10.22215635,9.7576648,9.505727887,9.903025627,8.044806868,8.451720327,8.831367642,8.253823221,9.090391546,9.284067899,9.591532499,10.39775386,10.58219224,8.033229411,7.270408422
Denmark,DNK,Domestic general government health expenditure (% of general government expenditure),SH.XPD.GHED.GE.ZS,12.78373748,13.33597302,13.70535046,13.92824948,14.19999748,14.85673338,15.43233246,15.74048102,15.85259885,15.94620645,15.29368311,15.04397988,14.8402676,15.35104066,15.50893337,15.78934044,16.26274735,16.60234183
Dominican Republic,DOM,Domestic general government health expenditure (% of general government expenditure),SH.XPD.GHED.GE.ZS,11.76568344,10.82668975,10.60001552,6.100434065,6.720287353,9.199226648,8.674313873,10.35334542,11.59831434,14.34098482,15.92765152,17.0892179,13.73776495,15.70404768,14.28408325,13.95406127,15.99962413,15.59820473
Algeria,DZA,Domestic general government health expenditure (% of general government expenditure),SH.XPD.GHED.GE.ZS,8.788067847,9.361163527,8.189911395,8.57643187,8.219798654,8.269441873,7.960922271,8.023934811,7.971505076,8.9203462,9.54484269,9.271831065,10.05012244,11.85091436,11.61064878,10.73309034,10.73426083,10.73412299
East Asia & Pacific (excluding high income),EAP,Domestic general government health expenditure (% of general government expenditure),SH.XPD.GHED.GE.ZS,,,,,,,,,,,,,,,,,,
Early-demographic dividend,EAR,Domestic general government health expenditure (% of general government expenditure),SH.XPD.GHED.GE.ZS,,,7.419972296,7.396329665,7.696754951,7.237332298,,,8.234000913,8.754856736,8.198017089,8.520854519,8.307931843,8.385581467,9.027053791,9.340059343,9.212743065,9.542649625
East Asia & Pacific,EAS,Domestic general government health expenditure (% of general government expenditure),SH.XPD.GHED.GE.ZS,,,,,,,,,,,,,,,,,,
Europe & Central Asia (excluding high income),ECA,Domestic general government health expenditure (% of general government expenditure),SH.XPD.GHED.GE.ZS,,,,,,,,,9.794714438,9.842686702,9.472752444,9.534472366,9.462909492,9.427536001,9.361685775,9.132778712,9.056862124,9.285648468
Europe & Central Asia,ECS,Domestic general government health expenditure (% of general government expenditure),SH.XPD.GHED.GE.ZS,13.66728889,13.7123517,13.98148417,14.12233395,14.20281089,14.31918139,14.45288149,14.37126749,14.19140559,14.30992409,14.13722783,14.32311654,14.22823649,14.58604109,14.88339554,15.03590761,15.2286568,15.22614347
Ecuador,ECU,Domestic general government health expenditure (% of general government expenditure),SH.XPD.GHED.GE.ZS,4.139430821,6.207802892,6.546826661,8.213146776,8.461230248,7.865584642,8.568265289,9.24782455,6.486550719,8.053403348,9.204628319,9.443832934,10.38327813,10.03407687,10.20479053,10.68843007,10.98594815,11.92279309
"Egypt, Arab Rep.",EGY,Domestic general government health expenditure (% of general government expenditure),SH.XPD.GHED.GE.ZS,6.66372627,6.632662565,6.141183898,5.443203449,5.243089795,5.243530869,5.049946904,5.01764603,4.699246958,4.718085006,4.361563176,4.827082157,4.385409504,4.156633094,4.16148454,5.057976767,5.057976767,5.419923365
Euro area,EMU,Domestic general government health expenditure (% of general government expenditure),SH.XPD.GHED.GE.ZS,14.17003053,14.14250382,14.44003072,14.56556718,14.61750747,14.82359036,14.9356502,14.9633102,15.03023912,15.0047532,14.98059395,15.09540008,15.04653769,15.08079245,15.39457142,15.49201001,15.75003678,15.83195859
Eritrea,ERI,Domestic general government health expenditure (% of general government expenditure),SH.XPD.GHED.GE.ZS,2.14200709,2.008510567,2.622151002,1.927591674,2.200477198,1.148332283,1.538624987,2.354107052,0.653448096,3.731619939,1.507634763,1.662539318,2.020262927,0.968482252,1.127934176,1.209610142,2.919503115,2.676733956
Spain,ESP,Domestic general government health expenditure (% of general government expenditure),SH.XPD.GHED.GE.ZS,12.41769865,12.52791882,12.51314431,14.02775645,14.08535689,14.38996792,14.67756778,14.59153742,14.82991576,14.79366422,14.76311982,14.60826993,13.61218095,14.05763924,14.16493356,14.83733058,15.1119858,15.28467387
Estonia,EST,Domestic general government health expenditure (% of general government expenditure),SH.XPD.GHED.GE.ZS,10.77758968,10.68227366,9.975773096,10.54349616,11.10277548,11.08468994,10.64204797,11.07399538,11.03190929,10.9632358,11.59993932,11.6655983,11.288286,11.7927447,12.18240038,12.14124262,12.42784038,12.22489402
Ethiopia,ETH,Domestic general government health expenditure (% of general government expenditure),SH.XPD.GHED.GE.ZS,7.028581202,8.980730176,8.367222548,8.488041162,5.723812431,7.548869401,5.075156316,6.494884938,2.741318941,5.299305543,5.106281862,2.090791613,6.405778974,6.192256883,4.08834219,5.572104827,5.024434254,4.788336903
European Union,EUU,Domestic general government health expenditure (% of general government expenditure),SH.XPD.GHED.GE.ZS,13.83488583,13.83146435,14.11781048,14.26977235,14.34185148,14.52069802,14.59821525,14.61510852,14.68377809,14.72923678,14.67131972,14.86130775,14.82608878,14.91394168,15.18054635,15.26521229,15.53865651,15.62514717
Fragile and conflict affected situations,FCS,Domestic general government health expenditure (% of general government expenditure),SH.XPD.GHED.GE.ZS,,,,,,,,,,,,,,,,,,
Finland,FIN,Domestic general government health expenditure (% of general government expenditure),SH.XPD.GHED.GE.ZS,10.58387458,11.03986874,11.46254018,11.82217747,12.11830378,12.47833371,12.87684888,13.00024092,13.03563267,12.62277067,12.5261113,12.82414645,12.98305243,11.74312755,12.76250184,13.20157051,12.90192008,13.0393818
Fiji,FJI,Domestic general government health expenditure (% of general government expenditure),SH.XPD.GHED.GE.ZS,10.58804467,7.902227342,8.035756648,8.610627055,9.254050255,10.35953313,9.968858212,10.59320793,9.781818092,8.370370418,8.587703109,7.05549866,7.35162124,7.466825843,7.104276121,7.044175267,7.66159296,7.161913812
France,FRA,Domestic general government health expenditure (% of general government expenditure),SH.XPD.GHED.GE.ZS,14.63689208,14.80890512,15.03004879,14.91088271,15.11392146,15.08142352,15.1955083,15.15689641,15.10474533,15.13840258,15.08497745,15.1420027,15.08920938,15.25153816,15.50272405,15.47087431,15.59774131,15.46813548
Faroe Islands,FRO,Domestic general government health expenditure (% of general government expenditure),SH.XPD.GHED.GE.ZS,,,,,,,,,,,,,,,,,,
"Micronesia, Fed. Sts.",FSM,Domestic general government health expenditure (% of general government expenditure),SH.XPD.GHED.GE.ZS,2.594401315,2.855058387,2.872671373,3.148268163,3.92998606,4.462416098,4.322222248,4.156421125,4.967307672,3.437640518,3.399850056,4.649792984,3.95132862,4.641068727,6.158515066,5.771915242,5.51077798,4.945225269
Gabon,GAB,Domestic general government health expenditure (% of general government expenditure),SH.XPD.GHED.GE.ZS,5.241283774,4.537759721,4.663668945,6.754004955,6.513101608,5.076708272,5.760045722,6.361695379,5.612619221,6.817483902,6.813380867,7.293103635,6.1915759,5.257538334,6.384582818,7.034873962,9.202568233,9.715089947
United Kingdom,GBR,Domestic general government health expenditure (% of general government expenditure),SH.XPD.GHED.GE.ZS,13.7714535,14.08229172,14.30694759,14.39581215,14.61090893,14.50874954,15.13727903,15.13350457,14.56469744,15.27042687,15.0291115,15.37014395,15.31051546,17.76333004,18.15445125,18.36110055,18.76849532,18.73957217
Georgia,GEO,Domestic general government health expenditure (% of general government expenditure),SH.XPD.GHED.GE.ZS,4.85252142,6.750433147,7.020407915,7.132768631,6.25,5.577072129,5.230386183,3.953632712,4.830685258,5.884179473,6.153397635,5.041660741,5.506009981,6.851612777,7.779560238,9.608579427,10.32651439,9.519025683
Ghana,GHA,Domestic general government health expenditure (% of general government expenditure),SH.XPD.GHED.GE.ZS,6.014888361,7.193822414,6.101580709,6.332201511,4.905724898,10.60201228,9.555746615,9.134276211,9.885452688,12.34934479,11.9134143,12.08313182,8.972747624,8.636635542,6.719537079,8.557856828,6.537678838,6.065584347
Gibraltar,GIB,Domestic general government health expenditure (% of general government expenditure),SH.XPD.GHED.GE.ZS,,,,,,,,,,,,,,,,,,
Guinea,GIN,Domestic general government health expenditure (% of general government expenditure),SH.XPD.GHED.GE.ZS,2.380091511,2.473324165,4.39565666,2.857877128,1.856085472,2.373535931,1.879322343,2.774640173,2.673174441,1.601560973,1.769706421,3.181548044,2.56631095,2.621324174,3.02618742,1.978233457,4.113378376,4.113378376
"Gambia, The",GMB,Domestic general government health expenditure (% of general government expenditure),SH.XPD.GHED.GE.ZS,6.91820085,8.383256197,6.527210027,10.65225303,10.84705517,10.41560993,8.434060216,11.35161072,10.42590663,10.30323207,7.81391263,8.24778527,7.804138213,6.03556186,4.055269808,2.758825012,3.060641699,3.060641699
Guinea-Bissau,GNB,Domestic general government health expenditure (% of general government expenditure),SH.XPD.GHED.GE.ZS,13.73608112,15.48535973,12.68518269,13.53392005,14.37327266,13.67942095,12.90520579,11.02339625,10.52276567,13.28880936,5.94140403,2.869016491,4.198914394,4.717254639,2.887279168,2.780539729,2.677509189,3.008771129
Equatorial Guinea,GNQ,Domestic general government health expenditure (% of general government expenditure),SH.XPD.GHED.GE.ZS,1.408501063,1.408501063,1.408501063,1.438025478,1.49354618,1.463786513,1.443857793,1.471598633,1.497012377,1.475550793,1.455184538,1.472929306,1.489315648,1.45937372,1.490408927,1.331148017,2.496493421,2.943397872
Greece,GRC,Domestic general government health expenditure (% of general government expenditure),SH.XPD.GHED.GE.ZS,,,,,9.968884289,11.43669188,11.25320494,11.28478572,11.33930981,11.85249165,12.43592799,10.9499611,10.47870219,8.309771866,9.129537642,8.680973202,10.23929566,10.22667289
Grenada,GRD,Domestic general government health expenditure (% of general government expenditure),SH.XPD.GHED.GE.ZS,6.836306304,6.895288825,6.797815114,7.652063668,9.974168986,10.02036035,8.914770931,9.443867207,8.470378816,9.475697577,8.994540572,9.09145847,9.295602143,8.303286135,7.381279767,7.590114325,9.039605409,8.996701241
Greenland,GRL,Domestic general government health expenditure (% of general government expenditure),SH.XPD.GHED.GE.ZS,,,,,,,,,,,,,,,,,,
Guatemala,GTM,Domestic general government health expenditure (% of general government expenditure),SH.XPD.GHED.GE.ZS,14.08275962,14.40040022,14.79130089,14.20887411,15.7323733,14.20312971,14.58710432,14.23033029,15.49126506,16.02617353,14.24816549,13.75957429,14.31886256,15.82706869,16.46030098,18.05442572,18.09842139,17.21218377
Guam,GUM,Domestic general government health expenditure (% of general government expenditure),SH.XPD.GHED.GE.ZS,,,,,,,,,,,,,,,,,,
Guyana,GUY,Domestic general government health expenditure (% of general government expenditure),SH.XPD.GHED.GE.ZS,6.78678453,6.606771052,7.437413931,7.322029769,7.180184126,6.082490087,4.750442877,5.210504308,4.881316423,4.791580886,5.466467887,6.135263667,6.568904966,7.977180183,8.547843993,7.698244601,10.0028865,8.542327583
High income,HIC,Domestic general government health expenditure (% of general government expenditure),SH.XPD.GHED.GE.ZS,14.57811061,14.92644635,15.21654821,15.31759082,15.53580171,15.67764238,15.95901372,15.94696969,15.82230948,16.05637558,16.09032165,16.56501707,16.78755678,17.13439802,17.63019186,18.20165268,18.55487171,18.60942517
"Hong Kong SAR, China",HKG,Domestic general government health expenditure (% of general government expenditure),SH.XPD.GHED.GE.ZS,,,,,,,,,,,,,,,,,,
Honduras,HND,Domestic general government health expenditure (% of general government expenditure),SH.XPD.GHED.GE.ZS,13.67898583,9.938683361,9.474991262,9.882689267,9.596412629,12.36688048,13.42183203,13.63652349,12.56671399,13.99323791,13.96672279,15.02672434,12.83597797,10.86219326,11.49603799,11.42764166,12.33326271,11.71219945
Heavily indebted poor countries (HIPC),HPC,Domestic general government health expenditure (% of general government expenditure),SH.XPD.GHED.GE.ZS,,,,,,,,,,,,,,,,7.985718135,7.11480373,
Croatia,HRV,Domestic general government health expenditure (% of general government expenditure),SH.XPD.GHED.GE.ZS,14.6102041,12.84395605,9.697791189,10.36977097,10.75994596,12.54907697,12.72628158,14.20320421,14.25682753,13.99929672,14.08033371,13.15863878,13.46897632,11.64149344,11.70248762,11.66704968,11.94438338,12.40758151
Haiti,HTI,Domestic general government health expenditure (% of general government expenditure),SH.XPD.GHED.GE.ZS,13.94201368,11.91825867,7.360016555,6.595379859,7.907190174,6.643808633,2.997858077,7.096057385,7.389325649,6.772144139,6.415648758,2.979433537,2.779434435,2.98141297,3.192216903,4.364291951,4.981984943,5.239011347
Hungary,HUN,Domestic general government health expenditure (% of general government expenditure),SH.XPD.GHED.GE.ZS,9.886339307,9.675966948,9.684761614,11.59583107,11.10206619,11.36946157,10.67942232,9.816359729,9.89054516,9.76980105,10.16014367,10.08568332,9.974884242,9.737136215,9.571017325,9.434528649,10.32098085,10.07697806
IBRD only,IBD,Domestic general government health expenditure (% of general government expenditure),SH.XPD.GHED.GE.ZS,,,,,,,,,,,,,,,,,,
IDA & IBRD total,IBT,Domestic general government health expenditure (% of general government expenditure),SH.XPD.GHED.GE.ZS,,,,,,,,,,,,,,,,,,
IDA total,IDA,Domestic general government health expenditure (% of general government expenditure),SH.XPD.GHED.GE.ZS,,,,,,,,,,,,,,,,,,
IDA blend,IDB,Domestic general government health expenditure (% of general government expenditure),SH.XPD.GHED.GE.ZS,,,,,,,,,,,,,,,,,,
Indonesia,IDN,Domestic general government health expenditure (% of general government expenditure),SH.XPD.GHED.GE.ZS,3.579901159,3.954693303,3.982686251,4.499606788,4.201495275,4.198948294,4.492250085,5.43904081,4.629845917,5.413026363,4.509637877,4.518596828,4.629320279,4.85499464,5.784365162,6.94014281,8.310750127,8.728535473
IDA only,IDX,Domestic general government health expenditure (% of general government expenditure),SH.XPD.GHED.GE.ZS,,,,,,,,,,,,,,,,7.151625674,6.190876687,
Isle of Man,IMN,Domestic general government health expenditure (% of general government expenditure),SH.XPD.GHED.GE.ZS,,,,,,,,,,,,,,,,,,
India,IND,Domestic general government health expenditure (% of general government expenditure),SH.XPD.GHED.GE.ZS,3.290743008,3.175100684,2.868574858,2.745440789,2.810075693,3.032886982,2.952409722,2.95841489,2.970894799,3.193919733,3.111630119,3.381300718,3.438493982,3.238832578,3.250705451,3.376239911,3.393334523,3.37504223
Not classified,INX,Domestic general government health expenditure (% of general government expenditure),SH.XPD.GHED.GE.ZS,,,,,,,,,,,,,,,,,,
Ireland,IRL,Domestic general government health expenditure (% of general government expenditure),SH.XPD.GHED.GE.ZS,14.82509822,15.43851942,15.88316411,16.73326492,17.19575971,18.08984131,17.2761485,17.2159791,17.26891696,17.19481945,12.30190545,16.61988199,18.32380295,18.16245019,18.32371056,18.26648265,19.46204305,20.04306167
"Iran, Islamic Rep.",IRN,Domestic general government health expenditure (% of general government expenditure),SH.XPD.GHED.GE.ZS,10.9524034,11.79318801,9.357137233,10.18980294,10.35835668,9.359690547,9.538787603,10.60550064,9.200392663,12.08687797,11.8872188,12.03955114,15.95887989,16.0464108,22.59989381,22.59989381,22.93613404,22.9359895
Iraq,IRQ,Domestic general government health expenditure (% of general government expenditure),SH.XPD.GHED.GE.ZS,,,,,2.980650216,3.196419403,3.196757659,4.417943209,4.159091413,4.960881174,4.814161733,4.816499352,2.352350391,2.375907637,2.36959774,1.68126449,1.681213453,4.983551428
Iceland,ISL,Domestic general government health expenditure (% of general government expenditure),SH.XPD.GHED.GE.ZS,17.60674864,17.10061431,18.04537922,18.39292496,18.05006415,18.01919639,17.77071059,17.54780263,13.01478297,15.34083337,14.36090171,14.93650228,14.94576633,15.56045711,15.2121529,15.88371396,14.95265365,15.73937535
Israel,ISR,Domestic general government health expenditure (% of general government expenditure),SH.XPD.GHED.GE.ZS,8.938129246,9.020342678,8.942429721,8.762366325,9.213542193,9.283465892,9.651117027,9.791476279,10.09576619,10.2261439,10.65406129,10.73951945,10.69941223,10.94419137,11.39839068,11.72995865,12.06171662,11.92770302
Italy,ITA,Domestic general government health expenditure (% of general government expenditure),SH.XPD.GHED.GE.ZS,11.81273982,12.20022365,12.64577508,12.52574027,13.32823336,13.74297887,13.80957067,13.51803839,13.90418857,13.7398228,14.07980621,13.77865821,13.42561096,13.33372444,13.39257807,13.33798915,13.51072937,13.42173666
Jamaica,JAM,Domestic general government health expenditure (% of general government expenditure),SH.XPD.GHED.GE.ZS,11.84148639,8.200961351,8.667562902,6.855362654,9.829447418,7.638344914,8.048263192,8.489858359,8.480157703,7.335789502,9.017384052,9.240312874,9.389785677,11.69353947,11.1710757,12.89557964,12.84635663,13.31564188
Jordan,JOR,Domestic general government health expenditure (% of general government expenditure),SH.XPD.GHED.GE.ZS,12.6891166,13.61480057,13.38209957,11.37037054,9.400589764,11.78674325,11.36012375,12.51918375,15.12543559,17.91590452,17.02058613,15.41755944,13.67097795,13.12652081,13.0640313,12.21973747,12.21973747,12.39200085
Japan,JPN,Domestic general government health expenditure (% of general government expenditure),SH.XPD.GHED.GE.ZS,15.32893628,16.10963643,16.13725126,16.40935242,17.22589433,17.78338253,17.90117919,18.27382892,18.13296378,18.08227897,18.93996,21.73340172,22.25695252,22.27055877,22.61698097,23.20665121,23.20584655,23.64429086
Kazakhstan,KAZ,Domestic general government health expenditure (% of general government expenditure),SH.XPD.GHED.GE.ZS,9.246140718,8.409474045,9.420599043,9.555565566,10.91143638,11.44313887,11.68722212,7.557675242,8.372383565,11.31680086,8.316209912,8.838157356,9.447164088,9.362424165,8.788844943,8.424834162,9.587532282,7.869395614
Kenya,KEN,Domestic general government health expenditure (% of general government expenditure),SH.XPD.GHED.GE.ZS,7.105318457,7.105318457,7.105318457,7.052608579,7.020640373,6.913282722,6.824576855,7.043997198,7.176255435,7.264617085,7.316731662,7.609887421,7.525133342,7.320443541,7.52170682,7.750113308,7.952073961,7.982115448
Kyrgyz Republic,KGZ,Domestic general government health expenditure (% of general government expenditure),SH.XPD.GHED.GE.ZS,7.064006478,7.131499052,7.56329149,8.072529733,8.212596178,13.06986809,14.45895731,10.42505056,10.38534939,10.69623232,9.203639627,9.883312881,10.400711,10.34640521,7.074850798,7.072645426,6.318341941,6.187602878
Cambodia,KHM,Domestic general government health expenditure (% of general government expenditure),SH.XPD.GHED.GE.ZS,8.591727912,7.830321044,8.274549246,9.408149868,9.902015328,9.898754209,7.411102951,6.748277694,6.659044325,5.967681855,6.519641727,6.214607507,6.488585472,6.643915176,5.70839569,6.42111674,6.003059819,6.078748778
Kiribati,KIR,Domestic general government health expenditure (% of general government expenditure),SH.XPD.GHED.GE.ZS,11.4062354,11.4062205,11.40624061,11.40623987,11.40625849,11.40622348,13.75460774,12.7719298,13.56923133,10.51079109,10.29496416,9.232258052,8.028571308,8.531428874,7.280000299,6.689655036,6.470172852,6.851601601
St. Kitts and Nevis,KNA,Domestic general government health expenditure (% of general government expenditure),SH.XPD.GHED.GE.ZS,5.806142092,6.167054921,5.445811898,6.793442369,6.416863948,6.408216804,6.857593358,6.482898444,5.946244672,6.289298832,5.870905146,6.311645359,7.061409205,6.453947723,6.697819382,6.567869335,8.147256821,8.152938634
"Korea, Rep.",KOR,Domestic general government health expenditure (% of general government expenditure),SH.XPD.GHED.GE.ZS,8.143170178,9.634788334,9.297069162,7.856219262,8.713000268,9.300947189,10.0843206,10.61227545,10.0912936,10.26749238,11.84078157,11.33754402,11.29716709,11.94621176,12.20639125,12.5041455,13.07069212,13.41530681
Kuwait,KWT,Domestic general government health expenditure (% of general government expenditure),SH.XPD.GHED.GE.ZS,5.224586278,6.835002452,6.801319122,7.006248832,6.426306069,6.752072275,5.720361695,5.581632629,3.742580488,7.990051061,5.216216296,5.775716528,5.636930838,5.732179806,6.206088886,6.206344813,6.206344813,8.920291811
Latin America & Caribbean (excluding high income),LAC,Domestic general government health expenditure (% of general government expenditure),SH.XPD.GHED.GE.ZS,11.69920348,,,11.11605677,,,,,10.31503959,11.07128676,10.46146845,10.46123031,10.45262409,11.16655983,11.57995952,11.95247859,11.68515322,12.06829611
Lao PDR,LAO,Domestic general government health expenditure (% of general government expenditure),SH.XPD.GHED.GE.ZS,6.17412515,6.466895342,6.50813207,6.455073506,5.989239737,5.747705325,4.294215143,3.619804978,3.432941064,6.247138232,2.705334127,1.763595641,2.05819346,2.822507545,2.837017365,3.761003166,3.7381161,4.044601694
Lebanon,LBN,Domestic general government health expenditure (% of general government expenditure),SH.XPD.GHED.GE.ZS,7.537215948,8.869738132,8.291868865,8.070413768,8.917959034,9.228430688,9.829947352,9.997890145,8.976017684,8.559756726,10.2937609,12.42854968,13.23573887,13.01930398,13.67584616,13.50223422,13.50223422,13.50223422
Liberia,LBR,Domestic general government health expenditure (% of general government expenditure),SH.XPD.GHED.GE.ZS,4.96490933,6.379453838,3.691067919,5.417497456,5.689618364,4.486623779,6.330253929,4.766458645,6.339309365,4.064262286,3.166102245,5.046601966,2.835584991,1.037627365,2.516887709,3.252131492,3.900367394,4.204146937
Libya,LBY,Domestic general government health expenditure (% of general government expenditure),SH.XPD.GHED.GE.ZS,6.039820611,5.782986805,7.756432146,6.308600307,5.421198532,5.780624971,5.275487155,4.812981933,3.700790554,4.089039564,4.334127158,6.419584155,,,,,,
St. Lucia,LCA,Domestic general government health expenditure (% of general government expenditure),SH.XPD.GHED.GE.ZS,8.085530996,8.091022074,7.766846567,7.162528485,6.864689291,6.163012981,6.310676038,6.902074069,7.21546486,7.397831976,6.981131434,6.730288267,7.283937186,8.159960806,8.117460459,8.403231949,8.523150533,8.93580988
Latin America & Caribbean,LCN,Domestic general government health expenditure (% of general government expenditure),SH.XPD.GHED.GE.ZS,11.71974895,,,11.28915383,,,,,10.47708672,11.23609945,10.65285674,10.67295235,10.71994133,11.42888695,11.79165461,12.18430503,12.03106757,12.41388129
Least developed countries: UN classification,LDC,Domestic general government health expenditure (% of general government expenditure),SH.XPD.GHED.GE.ZS,,,,,,,,,,,,,4.65074605,,4.905965331,6.120288837,5.805784925,
Low income,LIC,Domestic general government health expenditure (% of general government expenditure),SH.XPD.GHED.GE.ZS,,,,,,,,,,,,,,,,,,
Liechtenstein,LIE,Domestic general government health expenditure (% of general government expenditure),SH.XPD.GHED.GE.ZS,,,,,,,,,,,,,,,,,,
Sri Lanka,LKA,Domestic general government health expenditure (% of general government expenditure),SH.XPD.GHED.GE.ZS,10.13794988,9.517232329,10.37383825,10.38293019,11.04907319,10.13588756,9.561018646,9.326902777,8.728776127,7.838695496,7.834798098,7.965134829,8.063375205,10.10015607,9.033470601,8.401276916,8.564838022,8.472394943
Lower middle income,LMC,Domestic general government health expenditure (% of general government expenditure),SH.XPD.GHED.GE.ZS,,,4.658031732,4.740025746,4.731211769,5.082090462,5.300829579,5.14399861,4.860822264,5.354888149,4.939463177,5.147410729,5.030388411,4.80599925,4.916237926,5.497135689,5.640975777,5.647947121
Low & middle income,LMY,Domestic general government health expenditure (% of general government expenditure),SH.XPD.GHED.GE.ZS,,,,,,,,,,,,,,,,,,
Lesotho,LSO,Domestic general government health expenditure (% of general government expenditure),SH.XPD.GHED.GE.ZS,7.692307979,9.026128054,7.870507985,7.549133897,8.214583248,5.835299566,7.289447635,9.831219912,8.298058808,7.525902241,8.649524301,9.009245038,9.579928964,9.771732986,12.42954433,11.27616018,10.89962423,11.82114407
Late-demographic dividend,LTE,Domestic general government health expenditure (% of general government expenditure),SH.XPD.GHED.GE.ZS,,,,,,,,,,,,,,,,,,
Lithuania,LTU,Domestic general government health expenditure (% of general government expenditure),SH.XPD.GHED.GE.ZS,10.57113111,11.36793122,12.71295995,13.67605031,10.13162583,10.05032957,10.62263399,10.752552,11.67387962,11.77774444,11.45553961,10.75770706,11.60171404,11.34652868,11.90694198,12.26100251,12.80776262,12.77443171
Luxembourg,LUX,Domestic general government health expenditure (% of general government expenditure),SH.XPD.GHED.GE.ZS,12.9897058,14.08443153,13.67290467,13.43419999,14.1615808,13.86636496,14.17094469,14.07514811,14.43594247,14.09641057,13.6890009,12.16200367,12.5529632,11.02037206,11.17686108,11.07046679,11.06303036,10.79562753
Latvia,LVA,Domestic general government health expenditure (% of general government expenditure),SH.XPD.GHED.GE.ZS,7.421322912,8.096704632,8.144383132,8.192344755,10.09027585,9.550709277,9.796511382,9.920926392,9.014388174,8.237165213,8.146451414,8.739612997,8.612550795,8.587452024,8.567389101,8.767022938,9.385665506,9.001868963
"Macao SAR, China",MAC,Domestic general government health expenditure (% of general government expenditure),SH.XPD.GHED.GE.ZS,,,,,,,,,,,,,,,,,,
St. Martin (French part),MAF,Domestic general government health expenditure (% of general government expenditure),SH.XPD.GHED.GE.ZS,,,,,,,,,,,,,,,,,,
Morocco,MAR,Domestic general government health expenditure (% of general government expenditure),SH.XPD.GHED.GE.ZS,3.981263191,4.230621457,4.37923409,4.787323996,4.85750176,3.985380381,6.480423361,7.703521103,6.961283833,8.281538635,7.53159672,6.960324198,6.938827783,7.646317035,6.554263085,6.854374707,7.293355465,7.489150017
Monaco,MCO,Domestic general government health expenditure (% of general government expenditure),SH.XPD.GHED.GE.ZS,6.896348298,6.697396189,7.074957341,8.626946062,8.096466213,7.904837281,7.557524741,7.29065761,7.678092271,9.02081728,9.169279784,8.981839567,9.059821814,9.225849807,8.285363764,8.093745261,6.698020548,6.749906391
Moldova,MDA,Domestic general government health expenditure (% of general government expenditure),SH.XPD.GHED.GE.ZS,8.527944982,9.711845964,11.5373522,9.593454003,15.25031924,13.57665956,12.89050877,13.18110973,12.72159219,12.87592351,13.62691969,13.03699017,13.17397058,12.49917448,12.75728196,12.21473515,12.12291792,11.58240363
Madagascar,MDG,Domestic general government health expenditure (% of general government expenditure),SH.XPD.GHED.GE.ZS,11.51958629,12.27482781,14.38240111,12.90713996,10.09868383,10.56578532,10.18491089,11.70649827,8.873574436,9.88201499,15.20973593,13.93677145,12.93700486,10.26805043,13.92415017,15.27427882,17.48875678,15.02132118
Maldives,MDV,Domestic general government health expenditure (% of general government expenditure),SH.XPD.GHED.GE.ZS,8.841374516,9.081491828,8.633024246,8.209420741,9.656732529,7.698605955,8.505059034,11.29439026,18.06003302,15.76473415,13.6036545,12.28130907,14.36432153,15.74300379,14.62485641,18.49826574,20.44279426,21.77749574
Middle East & North Africa,MEA,Domestic general government health expenditure (% of general government expenditure),SH.XPD.GHED.GE.ZS,,,,,,,,,,,,,,,,,,
Mexico,MEX,Domestic general government health expenditure (% of general government expenditure),SH.XPD.GHED.GE.ZS,9.899586439,10.257449,10.43170244,10.69285497,12.07247078,11.1423254,10.73125675,10.71415246,9.434757382,10.29211506,10.50332114,10.55761576,10.68309471,11.28449887,10.71714535,11.17936447,10.7507959,11.04861051
Marshall Islands,MHL,Domestic general government health expenditure (% of general government expenditure),SH.XPD.GHED.GE.ZS,17.08904803,13.46495301,11.44648194,11.4057824,12.13918477,6.550762802,6.818559021,10.5944261,8.979218453,8.694946021,7.673568279,10.53081527,11.39545217,11.92395836,11.63656935,11.57240197,12.14958206,9.487447143
Middle income,MIC,Domestic general government health expenditure (% of general government expenditure),SH.XPD.GHED.GE.ZS,,,,,,,,,,,,,,,,,,
North Macedonia,MKD,Domestic general government health expenditure (% of general government expenditure),SH.XPD.GHED.GE.ZS,14.71431553,12.19929904,12.38785684,13.761127,13.83370757,13.46777529,13.40144575,12.84653246,12.53623068,12.19207197,12.50852942,12.73551136,12.43339702,13.92854154,12.67158687,12.78399676,13.05496991,12.82324195
Mali,MLI,Domestic general government health expenditure (% of general government expenditure),SH.XPD.GHED.GE.ZS,6.821300834,5.898830295,5.575551838,6.80771172,7.319239527,6.361474842,5.438808352,4.411811382,3.692404553,2.82981135,3.256430104,2.941770665,2.622403018,4.128910601,4.454729706,4.390320554,5.430621281,5.785215273
Malta,MLT,Domestic general government health expenditure (% of general government expenditure),SH.XPD.GHED.GE.ZS,11.7830947,11.58344597,13.11422735,12.27621511,13.36585432,14.20689672,14.30138201,13.34008723,12.09337935,12.52479702,12.91512847,13.37306201,13.22794557,14.21933919,14.02323842,14.16935176,15.77512473,16.47617668
Myanmar,MMR,Domestic general government health expenditure (% of general government expenditure),SH.XPD.GHED.GE.ZS,1.265452337,1.324091014,2.319328301,1.594751887,1.782256551,1.110745966,1.588635519,1.263487525,1.289825886,1.298348326,1.231443044,1.594113745,2.114950493,2.526101843,4.039143026,4.790094122,3.138159215,3.493880481
Middle East & North Africa (excluding high income),MNA,Domestic general government health expenditure (% of general government expenditure),SH.XPD.GHED.GE.ZS,,,,,,,,,,,,,,,,,,
Montenegro,MNE,Domestic general government health expenditure (% of general government expenditure),SH.XPD.GHED.GE.ZS,,,,,,,,,,,,,,,,,,
Mongolia,MNG,Domestic general government health expenditure (% of general government expenditure),SH.XPD.GHED.GE.ZS,12.25229129,9.948348999,10.04985869,8.2777448,8.334541321,9.04013738,9.511639923,8.163877577,8.552518487,8.748711646,7.742853463,5.620430037,6.019637361,5.640119687,6.074106321,7.108284533,6.479563564,8.152467757
Northern Mariana Islands,MNP,Domestic general government health expenditure (% of general government expenditure),SH.XPD.GHED.GE.ZS,,,,,,,,,,,,,,,,,,
Mozambique,MOZ,Domestic general government health expenditure (% of general government expenditure),SH.XPD.GHED.GE.ZS,13.82431835,13.21662366,12.89847493,12.50158548,12.87109554,15.83135873,12.64887601,9.159816802,4.999488965,2.450868674,2.24453155,1.262596715,4.419307783,4.664210975,4.664210975,4.664210975,4.664210975,4.664210975
Mauritania,MRT,Domestic general government health expenditure (% of general government expenditure),SH.XPD.GHED.GE.ZS,2.517112158,2.424686402,3.586477414,2.609649114,2.961175144,3.844210505,3.559749201,3.88565287,4.480363429,4.768358916,4.222969711,4.400901869,4.167024046,5.384978652,5.216700211,5.530242994,5.756292865,6.065612286
Mauritius,MUS,Domestic general government health expenditure (% of general government expenditure),SH.XPD.GHED.GE.ZS,6.879270822,7.015892118,7.24555254,7.119173557,7.994419336,7.362707704,7.302483916,6.842873245,6.12254478,6.281736493,8.295881003,7.362204045,8.319043368,8.007183671,10.52838713,9.458419681,9.990223497,9.968497604
Malawi,MWI,Domestic general government health expenditure (% of general government expenditure),SH.XPD.GHED.GE.ZS,7.06595704,7.06595704,7.06595704,7.658825815,5.011742935,6.057836488,5.31029962,3.544597328,6.62496835,5.256785825,5.794689432,6.779997051,5.078181997,7.042520493,8.483938873,9.675071388,9.775461257,9.775461257
Malaysia,MYS,Domestic general government health expenditure (% of general government expenditure),SH.XPD.GHED.GE.ZS,4.604521394,4.821963981,5.072299391,5.458990112,5.686503649,5.611690134,6.583636254,6.285681576,6.011050567,5.879338831,6.320423633,6.53238818,6.584987044,6.827903539,7.853125036,8.238189667,8.322291821,8.927760273
North America,NAC,Domestic general government health expenditure (% of general government expenditure),SH.XPD.GHED.GE.ZS,16.06397165,16.66834626,17.1423486,17.43329613,17.85839763,17.87767067,18.5024039,18.45791863,18.20820682,18.20975182,18.40590299,18.84389637,19.58925929,20.25910512,21.33882535,22.13613505,22.2818624,22.34768734
Namibia,NAM,Domestic general government health expenditure (% of general government expenditure),SH.XPD.GHED.GE.ZS,15.98191559,15.98191559,17.18019843,16.82404727,17.39259511,16.26776904,15.75332433,17.97894835,14.54984099,10.81812903,11.91451028,10.63667238,11.04577407,10.91460511,9.292643517,9.645801783,10.46828404,10.65234095
New Caledonia,NCL,Domestic general government health expenditure (% of general government expenditure),SH.XPD.GHED.GE.ZS,,,,,,,,,,,,,,,,,,
Niger,NER,Domestic general government health expenditure (% of general government expenditure),SH.XPD.GHED.GE.ZS,8.35820809,8.316998184,8.349028975,7.62989372,7.369507849,12.34053671,13.54461908,8.631781489,9.188331664,8.694339544,8.704025298,8.943077922,6.249121204,6.558148563,5.402672663,4.586000741,5.685828626,9.650692344
Nigeria,NGA,Domestic general government health expenditure (% of general government expenditure),SH.XPD.GHED.GE.ZS,2.366822772,2.779553458,2.74150148,4.006848112,6.554280221,6.407704949,7.284262776,4.305173829,4.595429823,3.684731573,2.694378048,2.762798965,3.873853758,3.658106923,3.526928276,5.319711566,5.00459969,4.601447657
Nicaragua,NIC,Domestic general government health expenditure (% of general government expenditure),SH.XPD.GHED.GE.ZS,10.15632972,10.70117056,10.83848402,8.382049948,10.72819754,11.2747699,12.20103428,13.97397369,14.51090574,15.66005051,13.20996583,15.70746452,15.31803757,16.31234884,18.3624208,17.39912629,19.60112303,18.6187014
Netherlands,NLD,Domestic general government health expenditure (% of general government expenditure),SH.XPD.GHED.GE.ZS,12.61520237,13.08633685,13.8882786,14.26688731,14.37673569,14.73409235,14.82145041,14.8091495,14.33143914,14.0047282,14.27086592,14.72200304,15.05364031,15.3118372,15.62786847,15.05818218,15.32029957,15.30429572
Norway,NOR,Domestic general government health expenditure (% of general government expenditure),SH.XPD.GHED.GE.ZS,14.98072743,15.16164094,15.98104537,16.01724327,16.2907511,16.45227373,16.16755873,16.26158953,16.65285379,16.61634594,16.76480323,16.93865359,17.32198447,17.24359244,17.37430543,17.71437824,17.6912725,17.87735671
Nepal,NPL,Domestic general government health expenditure (% of general government expenditure),SH.XPD.GHED.GE.ZS,4.25074175,4.527613521,6.101346761,5.521545559,5.482848734,6.25147298,7.584030181,5.175884441,5.311276019,4.690781608,4.805063829,4.87363711,4.691861197,4.883828014,5.268236622,5.145952478,5.314559489,4.50787805
Nauru,NRU,Domestic general government health expenditure (% of general government expenditure),SH.XPD.GHED.GE.ZS,9.690476209,11.0857144,13.78571391,20.42857111,25.07142723,18.00925881,18.5185194,18.06513369,9.456291795,6.56721741,7.323760539,6.230928376,5.965011194,8.499109,6.938818842,6.79949224,7.104253769,5.596224219
New Zealand,NZL,Domestic general government health expenditure (% of general government expenditure),SH.XPD.GHED.GE.ZS,14.70625699,15.17273933,16.27613753,16.22273326,17.00005084,17.37719774,17.93708801,18.14466268,18.35627854,18.71707588,17.60933995,17.86351204,19.19723749,19.213067,19.47607398,18.8892737,19.20671165,19.28811669
OECD members,OED,Domestic general government health expenditure (% of general government expenditure),SH.XPD.GHED.GE.ZS,14.54120756,14.98930368,15.27914496,15.37704275,15.60097908,15.73837221,16.04099994,16.02316773,15.71774307,15.95015538,16.05791827,16.54934012,16.76054558,17.09011095,17.5820415,18.15234999,18.41286676,18.4737738
Oman,OMN,Domestic general government health expenditure (% of general government expenditure),SH.XPD.GHED.GE.ZS,7.030792534,6.657818705,6.790208817,6.773713231,6.242496893,6.089414656,5.423048884,5.58193475,5.409672856,6.015453488,6.695912033,5.304024369,4.773781076,5.428986996,6.685393304,7.565734535,7.565734535,7.565734535
Other small states,OSS,Domestic general government health expenditure (% of general government expenditure),SH.XPD.GHED.GE.ZS,,,,,,,,,,,,,,,,,,
Pakistan,PAK,Domestic general government health expenditure (% of general government expenditure),SH.XPD.GHED.GE.ZS,5.875105411,5.93059063,5.934826285,3.779432178,4.312075675,3.705445677,2.868271247,3.436833248,2.571504749,2.949905582,2.811160497,3.16060856,3.13193053,3.220138326,3.475498036,3.742910922,4.11568135,4.303038493
Panama,PAN,Domestic general government health expenditure (% of general government expenditure),SH.XPD.GHED.GE.ZS,19.77622807,18.74168515,18.88636351,17.26706028,19.22307611,16.4873749,18.52365434,20.71887255,19.77327615,20.19203007,19.20539439,17.81386137,16.89317971,17.23115593,18.44428331,19.35431212,21.67553455,20.08094043
Peru,PER,Domestic general government health expenditure (% of general government expenditure),SH.XPD.GHED.GE.ZS,10.63816547,12.65178621,14.59323764,14.19056803,13.85456622,12.16632351,11.68360934,11.12400517,10.73749885,11.62213683,11.60000265,12.20638007,12.54016757,12.23727092,13.37643713,13.90668154,15.09686857,14.89787847
Philippines,PHL,Domestic general government health expenditure (% of general government expenditure),SH.XPD.GHED.GE.ZS,6.518386304,5.501558259,4.752808064,5.458862334,5.619222671,6.6097565,6.630939245,6.463816017,6.510144472,6.644744426,7.182798535,6.19369708,6.079154834,6.273894757,6.294563413,7.251354307,7.169389725,7.126046717
Palau,PLW,Domestic general government health expenditure (% of general government expenditure),SH.XPD.GHED.GE.ZS,8.194297552,7.972667366,7.39075318,8.384881914,8.501772583,8.730870485,7.982508838,6.943436712,6.875310093,9.426256269,8.535973728,9.198884666,9.79527086,11.55294105,11.0260196,10.989061,16.51217341,17.38563329
Papua New Guinea,PNG,Domestic general government health expenditure (% of general government expenditure),SH.XPD.GHED.GE.ZS,8.316667378,7.733427733,8.476039022,7.634612173,8.746249974,7.825879008,8.377049863,9.068860859,7.664533705,6.31518513,7.069312036,7.604231685,8.128613234,7.187701762,7.470081747,6.022326648,8.040917665,9.154981375
Poland,POL,Domestic general government health expenditure (% of general government expenditure),SH.XPD.GHED.GE.ZS,8.590182662,8.867334574,9.366946667,8.92874226,9.082616866,8.963461965,8.958506584,9.471786767,10.24530157,10.49176902,9.99841392,10.09035408,10.10306999,10.52161828,10.47938988,10.64455733,10.95276028,10.94306111
Pre-demographic dividend,PRE,Domestic general government health expenditure (% of general government expenditure),SH.XPD.GHED.GE.ZS,,,,,,,,,,,,,,,,,,
Puerto Rico,PRI,Domestic general government health expenditure (% of general government expenditure),SH.XPD.GHED.GE.ZS,,,,,,,,,,,,,,,,,,
"Korea, Dem. People’s Rep.",PRK,Domestic general government health expenditure (% of general government expenditure),SH.XPD.GHED.GE.ZS,,,,,,,,,,,,,,,,,,
Portugal,PRT,Domestic general government health expenditure (% of general government expenditure),SH.XPD.GHED.GE.ZS,13.83094788,13.48326355,14.20070082,13.93824518,14.32433724,14.39635903,13.95371258,13.9945507,14.0987739,13.74445409,13.21265846,12.89049685,12.62116581,12.17077523,11.50707752,12.30547577,13.3622691,13.01325709
Paraguay,PRY,Domestic general government health expenditure (% of general government expenditure),SH.XPD.GHED.GE.ZS,6.794321537,5.865755305,4.74017337,5.852815136,5.984780192,5.886000395,6.830567867,7.298477739,7.255518436,8.093494177,9.008165449,9.702593088,8.824920654,9.935948998,11.17134392,10.85491404,11.22079641,10.47871336
West Bank and Gaza,PSE,Domestic general government health expenditure (% of general government expenditure),SH.XPD.GHED.GE.ZS,,,,,,,,,,,,,,,,,,
Pacific island small states,PSS,Domestic general government health expenditure (% of general government expenditure),SH.XPD.GHED.GE.ZS,,,,,,,,,,,,7.885129975,8.005289552,8.248157772,7.44250151,7.61590995,8.233116983,7.736595711
Post-demographic dividend,PST,Domestic general government health expenditure (% of general government expenditure),SH.XPD.GHED.GE.ZS,14.71735354,15.09094032,15.3750244,15.46502704,15.66899224,15.80783894,16.11657044,16.08370391,15.97415531,16.17075464,16.3790117,16.84565339,17.07301425,17.43170893,17.9687632,18.5772078,18.85282276,18.91903514
French Polynesia,PYF,Domestic general government health expenditure (% of general government expenditure),SH.XPD.GHED.GE.ZS,,,,,,,,,,,,,,,,,,
Qatar,QAT,Domestic general government health expenditure (% of general government expenditure),SH.XPD.GHED.GE.ZS,3.941527754,4.554680735,4.901602119,9.217530489,7.978131622,6.622949988,5.795558169,5.253858864,5.194382742,4.646072537,4.149333015,4.128437862,4.465102777,6.176713482,6.292983145,6.292983145,6.292983145,6.292983145
Romania,ROU,Domestic general government health expenditure (% of general government expenditure),SH.XPD.GHED.GE.ZS,8.657396585,9.60567072,10.5474785,12.99804449,11.96030006,13.16346824,11.28106415,10.91471985,10.81917509,10.54735184,11.52538061,8.912166208,9.712911397,11.57858446,11.23064607,10.66552699,11.3043718,12.05330119
Russian Federation,RUS,Domestic general government health expenditure (% of general government expenditure),SH.XPD.GHED.GE.ZS,9.721279889,9.671318531,9.518931806,9.202997386,9.442075342,9.904510528,10.13223529,9.224006534,9.593819827,9.076053649,8.593831211,9.03166607,9.241721034,9.146954119,9.164287895,8.816149831,8.233945072,8.783560991
Rwanda,RWA,Domestic general government health expenditure (% of general government expenditure),SH.XPD.GHED.GE.ZS,3.543611616,3.661305085,3.705726564,12.45489493,10.78895479,8.092718571,7.202700526,7.792907208,8.076322079,8.430244774,8.556424081,8.900714666,8.363004029,8.304135501,7.981880754,7.914955169,8.882761002,8.882761002
South Asia,SAS,Domestic general government health expenditure (% of general government expenditure),SH.XPD.GHED.GE.ZS,3.644541113,3.49482117,3.275939767,3.137309092,3.238341528,3.364576362,3.289706174,3.256852631,3.244030837,3.417067202,3.298543585,3.550610674,3.569048312,3.450259617,3.451970044,3.574710121,3.548784032,3.549535987
Saudi Arabia,SAU,Domestic general government health expenditure (% of general government expenditure),SH.XPD.GHED.GE.ZS,9.158664942,8.761873841,8.568235487,8.696268499,8.238979429,8.803911507,9.686411917,8.513242751,7.081819326,7.52241239,6.84370026,7.579895854,8.259066939,8.747866005,9.278099239,10.06431729,10.06431729,10.06431729
Sudan,SDN,Domestic general government health expenditure (% of general government expenditure),SH.XPD.GHED.GE.ZS,11.77479252,11.36873588,10.70719138,10.07152051,9.526747465,8.099485934,9.442222118,10.46531424,8.786313236,14.01954591,9.488017857,7.035677135,9.061836451,7.518078387,10.61896384,18.28684509,13.12147826,8.284141868
Senegal,SEN,Domestic general government health expenditure (% of general government expenditure),SH.XPD.GHED.GE.ZS,8.959972113,9.010555595,8.638182282,9.040764719,8.966892958,8.545146883,8.269355446,5.950331315,6.623491645,6.669344008,5.371972919,5.633656681,5.316513032,5.299932137,4.675409943,4.694809392,4.45690155,3.888149932
Singapore,SGP,Domestic general government health expenditure (% of general government expenditure),SH.XPD.GHED.GE.ZS,6.676178426,4.134952649,5.761896446,7.433778048,6.341215968,6.91229403,6.762681901,6.855262816,6.81008026,6.606814265,7.542147487,8.077315241,9.145130217,10.37322655,10.98983511,11.14984304,11.90774217,12.56894618
Solomon Islands,SLB,Domestic general government health expenditure (% of general government expenditure),SH.XPD.GHED.GE.ZS,23.10744524,35.96795499,42.05200672,26.15252733,18.25636178,19.95247453,15.43027908,13.38144839,12.45735064,9.048174322,7.548886538,8.287940919,6.692851335,6.771103293,7.451381534,7.302601635,7.609893382,7.165841758
Sierra Leone,SLE,Domestic general government health expenditure (% of general government expenditure),SH.XPD.GHED.GE.ZS,12.69943267,13.1492883,14.00853097,11.68877482,11.57588065,9.542740881,6.517983973,8.290079236,3.915972263,5.339265242,6.291954964,4.134222493,4.682316259,5.15012145,7.579889894,7.91080147,7.91080296,7.91080296
El Salvador,SLV,Domestic general government health expenditure (% of general government expenditure),SH.XPD.GHED.GE.ZS,18.46979558,18.59631985,19.11663115,17.45458096,19.06175315,19.59232837,20.56533992,18.90230626,18.05269122,16.59821421,17.7433461,19.81929988,18.59047562,19.79638785,20.12947053,20.83221823,20.92486024,19.24423426
San Marino,SMR,Domestic general government health expenditure (% of general government expenditure),SH.XPD.GHED.GE.ZS,11.77180856,11.77180856,11.77180856,11.77180856,11.77180856,11.77180856,11.77180856,11.77180856,11.77180856,12.00248674,13.11066896,14.24578726,14.70354348,13.69285136,13.45508546,11.6137065,12.15865016,12.15865016
Somalia,SOM,Domestic general government health expenditure (% of general government expenditure),SH.XPD.GHED.GE.ZS,,,,,,,,,,,,,,,,,,
Serbia,SRB,Domestic general government health expenditure (% of general government expenditure),SH.XPD.GHED.GE.ZS,13.56817037,13.56817037,13.56817037,13.56351823,13.70559931,13.61884028,12.5322029,13.55888397,13.72550279,13.46969008,13.56141716,13.37897927,12.83904016,13.17480654,12.02127114,11.91802472,11.91802472,11.91802472
Sub-Saharan Africa (excluding high income),SSA,Domestic general government health expenditure (% of general government expenditure),SH.XPD.GHED.GE.ZS,,,,,,,,,,,,,,,,,,
South Sudan,SSD,Domestic general government health expenditure (% of general government expenditure),SH.XPD.GHED.GE.ZS,,,,,,,,,,,,,,,,,,2.106205188
Sub-Saharan Africa,SSF,Domestic general government health expenditure (% of general government expenditure),SH.XPD.GHED.GE.ZS,,,,,,,,,,,,,,,,,,
Small states,SST,Domestic general government health expenditure (% of general government expenditure),SH.XPD.GHED.GE.ZS,,,,,,,,,,,,,,,,,,11.49663569
Sao Tome and Principe,STP,Domestic general government health expenditure (% of general government expenditure),SH.XPD.GHED.GE.ZS,31.90836608,6.852662563,8.318339288,11.66178659,8.558478206,11.51999459,1.691458188,4.276607558,4.0165741,3.271581605,4.099394754,4.308638722,4.566213116,8.438701183,7.774505019,4.936800152,8.002831042,10.76225042
Suriname,SUR,Domestic general government health expenditure (% of general government expenditure),SH.XPD.GHED.GE.ZS,11.64874583,8.515526354,11.07381135,11.15236208,11.67535558,11.93730533,12.52460331,11.59867644,9.808070958,8.171859384,8.561374992,7.106821239,6.098942086,6.286463886,6.144425645,10.52437425,15.12628198,11.77680939
Slovak Republic,SVK,Domestic general government health expenditure (% of general government expenditure),SH.XPD.GHED.GE.ZS,9.032513201,10.62618941,10.78519374,11.90860942,13.17662746,12.33576015,12.23502234,13.5416016,14.11535442,13.19018304,13.25131059,13.32092881,13.46000433,13.38387579,13.08172345,11.97252125,13.65575045,13.2689476
Slovenia,SVN,Domestic general government health expenditure (% of general government expenditure),SH.XPD.GHED.GE.ZS,12.04345077,11.8370451,12.63683289,12.69553304,12.59109974,12.80769706,12.65887618,12.47745231,12.91141808,12.78760433,12.62138486,12.39188761,12.78960854,10.3856653,12.03249469,12.70442456,13.52640837,13.61753494
Sweden,SWE,Domestic general government health expenditure (% of general government expenditure),SH.XPD.GHED.GE.ZS,11.73542142,12.45994344,12.74156719,12.93205023,12.94411272,12.92152405,13.08122575,13.39491457,13.59128207,13.89583796,13.67543638,17.82160103,17.80049503,17.798087,18.16562265,18.47524643,18.42257679,18.69488358
Eswatini,SWZ,Domestic general government health expenditure (% of general government expenditure),SH.XPD.GHED.GE.ZS,9.794272482,9.284858406,9.18938145,11.39668226,9.742612392,12.61231601,12.62098253,12.37345785,13.34263533,13.33174109,13.75653297,14.27736431,12.65477389,11.66008487,8.510836214,8.733417094,7.815975696,10.0201793
Sint Maarten (Dutch part),SXM,Domestic general government health expenditure (% of general government expenditure),SH.XPD.GHED.GE.ZS,,,,,,,,,,,,,,,,,,
Seychelles,SYC,Domestic general government health expenditure (% of general government expenditure),SH.XPD.GHED.GE.ZS,6.831022352,8.02577585,6.456107646,9.288653731,9.554831684,9.28933993,7.907297462,7.262533903,8.901844174,7.432471216,8.983431011,8.29314217,10.41373983,8.481824398,9.73483175,10.03016531,9.50185135,10.13922021
Syrian Arab Republic,SYR,Domestic general government health expenditure (% of general government expenditure),SH.XPD.GHED.GE.ZS,5.647285283,6.648886949,7.211757451,7.514661551,6.818876415,7.34346211,6.737502664,6.854826212,6.838247925,5.95036447,5.124831945,3.735615313,4.471453279,,,,,
Turks and Caicos Islands,TCA,Domestic general government health expenditure (% of general government expenditure),SH.XPD.GHED.GE.ZS,,,,,,,,,,,,,,,,,,
Chad,TCD,Domestic general government health expenditure (% of general government expenditure),SH.XPD.GHED.GE.ZS,11.40378565,11.87462658,11.72951758,8.986262232,15.03320932,12.42322996,7.143841684,5.993619561,4.228739813,3.833980486,3.497505933,3.743959963,4.001320526,4.982257262,5.616847798,5.245210975,5.725027621,4.678363353
East Asia & Pacific (IDA & IBRD countries),TEA,Domestic general government health expenditure (% of general government expenditure),SH.XPD.GHED.GE.ZS,,,,,,,,,,,,,,,,,,
Europe & Central Asia (IDA & IBRD countries),TEC,Domestic general government health expenditure (% of general government expenditure),SH.XPD.GHED.GE.ZS,9.308806072,9.347158116,9.441094949,9.472771355,9.541522769,,,9.61300647,9.992021468,10.05135726,9.661438396,9.698870886,9.624798872,9.621053153,9.568926317,9.415814247,9.414422771,9.598152529
Togo,TGO,Domestic general government health expenditure (% of general government expenditure),SH.XPD.GHED.GE.ZS,2.444841526,2.994782291,4.051334411,4.242087901,4.205553234,3.800815716,3.831919283,4.344953597,4.843716696,4.776858166,7.445859909,5.669252947,6.109067425,5.010841414,5.07090576,4.155584052,4.259437323,5.052941665
Thailand,THA,Domestic general government health expenditure (% of general government expenditure),SH.XPD.GHED.GE.ZS,12.67431229,10.57503298,10.28340459,13.77082467,12.99130321,13.14439029,14.80472088,14.58544433,15.28384537,14.37566727,14.36391771,14.04442042,14.39316273,13.73815984,14.44861293,14.79150802,15.06272554,15.0277853
Tajikistan,TJK,Domestic general government health expenditure (% of general government expenditure),SH.XPD.GHED.GE.ZS,4.624277353,4.761904851,4.205607623,4.030837119,4.408000037,4.302114621,4.271653667,3.848518804,5.039699003,3.78533937,4.516028985,4.829580337,6.551374495,6.825917214,7.284539193,6.407301873,5.139059201,5.884055421
Turkmenistan,TKM,Domestic general government health expenditure (% of general government expenditure),SH.XPD.GHED.GE.ZS,13.33598047,13.3596316,13.47213686,13.99739087,12.8228128,10.27287394,10.3354916,10.32131687,8.709638566,8.70622769,8.711691201,8.70032683,8.705492318,8.709657192,8.713743091,8.711454272,8.71367529,8.713923395
Latin America & the Caribbean (IDA & IBRD countries),TLA,Domestic general government health expenditure (% of general government expenditure),SH.XPD.GHED.GE.ZS,11.70875859,,,11.26784559,,,,,10.46480436,11.22586418,10.64492518,10.6671496,10.71119403,11.42441638,11.79034773,12.18341921,12.02834541,12.41578595
Timor-Leste,TLS,Domestic general government health expenditure (% of general government expenditure),SH.XPD.GHED.GE.ZS,,,,1.624946296,2.254057489,3.634533286,4.000156745,1.27376141,2.776940167,2.663196065,2.710499801,2.676809765,3.206405044,4.624441266,3.718555346,4.505452141,3.120927699,5.187302828
Middle East & North Africa (IDA & IBRD countries),TMN,Domestic general government health expenditure (% of general government expenditure),SH.XPD.GHED.GE.ZS,,,,,,,,,,,,,,,,,,
Tonga,TON,Domestic general government health expenditure (% of general government expenditure),SH.XPD.GHED.GE.ZS,11.41306534,11.39551401,11.85863912,11.95444614,12.0749265,10.59271246,11.61981449,12.84898967,12.15865314,11.14520282,9.032741189,8.67934525,8.060065657,8.358123153,8.082091063,6.844355911,7.334131002,7.383985817
South Asia (IDA & IBRD),TSA,Domestic general government health expenditure (% of general government expenditure),SH.XPD.GHED.GE.ZS,3.644541113,3.49482117,3.275939767,3.137309092,3.238341528,3.364576362,3.289706174,3.256852631,3.244030837,3.417067202,3.298543585,3.550610674,3.569048312,3.450259617,3.451970044,3.574710121,3.548784032,3.549535987
Sub-Saharan Africa (IDA & IBRD countries),TSS,Domestic general government health expenditure (% of general government expenditure),SH.XPD.GHED.GE.ZS,,,,,,,,,,,,,,,,,,
Trinidad and Tobago,TTO,Domestic general government health expenditure (% of general government expenditure),SH.XPD.GHED.GE.ZS,6.785729527,7.022464275,8.049724996,8.563500643,8.266600966,8.872546256,6.45140782,7.050891221,6.554313004,7.050669193,8.044061065,8.008880913,7.65985474,7.893069834,7.474795729,8.309103549,9.75824818,11.21120453
Tunisia,TUN,Domestic general government health expenditure (% of general government expenditure),SH.XPD.GHED.GE.ZS,10.54292098,10.57568192,10.98641008,11.40784472,11.5467906,11.35010347,11.73456982,11.84733659,11.84145808,12.07542643,13.03182095,12.38613278,12.63853163,12.49519438,13.28426301,13.69663775,13.72302324,13.62780184
Turkey,TUR,Domestic general government health expenditure (% of general government expenditure),SH.XPD.GHED.GE.ZS,7.186327875,7.464413345,8.636954427,9.291469306,10.18661484,10.32446474,10.34756154,10.71652398,11.05523705,11.62024513,10.87491661,11.10414639,10.29340476,10.07952616,10.13582498,9.673115611,9.647566825,9.689014405
Tuvalu,TUV,Domestic general government health expenditure (% of general government expenditure),SH.XPD.GHED.GE.ZS,11.93610653,11.45513654,11.25467643,12.85641044,11.93570867,11.62127182,10.15705913,10.80816314,11.14958152,11.72222197,14.7878781,16.69999957,16.72413796,16.03030264,12.86666691,10.85964888,10.00000015,10.00000015
Tanzania,TZA,Domestic general government health expenditure (% of general government expenditure),SH.XPD.GHED.GE.ZS,6.0519889,8.799311519,9.788435698,9.70852524,11.55347899,12.61992455,13.50797713,10.87677255,12.21527606,7.46755302,7.264444232,6.817799807,6.028592214,6.289942563,6.937845796,7.330626994,9.521435201,9.521435201
Uganda,UGA,Domestic general government health expenditure (% of general government expenditure),SH.XPD.GHED.GE.ZS,9.476944059,9.874107689,9.931062907,9.550399333,13.24689686,14.19464201,16.2939027,16.67211056,12.84133643,13.59698921,7.604269683,7.840617001,8.016988635,7.721078396,5.60285151,5.135318264,5.135318264,5.135318264
Ukraine,UKR,Domestic general government health expenditure (% of general government expenditure),SH.XPD.GHED.GE.ZS,7.081214339,7.634548843,8.106317371,9.385503083,8.181075752,8.431880921,8.696363866,8.158602566,6.775358319,7.914038748,7.500498742,7.491658628,7.637892663,7.80056268,6.46905005,6.635505706,7.028588653,7.423895597
Upper middle income,UMC,Domestic general government health expenditure (% of general government expenditure),SH.XPD.GHED.GE.ZS,,,,,,,,,,,,,,,,,,
Uruguay,URY,Domestic general government health expenditure (% of general government expenditure),SH.XPD.GHED.GE.ZS,14.27500844,15.69993049,16.70267135,17.99200475,15.83513469,13.23274225,13.75297755,13.65707666,17.30861068,17.2502771,16.9337064,18.19802374,18.46371591,18.4142381,18.49705279,19.04895306,19.26542372,19.7754994
United States,USA,Domestic general government health expenditure (% of general government expenditure),SH.XPD.GHED.GE.ZS,16.15895927,16.76153839,17.22072661,17.50627309,17.92454123,17.93537587,18.56930554,18.49869788,18.20899099,18.20804477,18.41743737,18.87267232,19.65465397,20.35983205,21.47762775,22.30372727,22.45638222,22.54920453
Uzbekistan,UZB,Domestic general government health expenditure (% of general government expenditure),SH.XPD.GHED.GE.ZS,6.108703464,6.644237041,5.584519356,6.010778248,6.137695163,6.467676163,7.800608873,7.238507271,7.234486938,7.26864785,8.03938061,9.002036601,9.835781157,9.752253443,9.521245956,10.14601439,10.0850746,10.17032042
St. Vincent and the Grenadines,VCT,Domestic general government health expenditure (% of general government expenditure),SH.XPD.GHED.GE.ZS,11.68052852,11.23740301,10.86500287,10.12181565,9.933198243,9.008891135,8.333222568,7.859575748,8.154130727,8.065424114,8.207294345,8.1596829,10.48249453,9.072203189,8.326665312,9.153489023,9.555900097,9.459785372
"Venezuela, RB",VEN,Domestic general government health expenditure (% of general government expenditure),SH.XPD.GHED.GE.ZS,11.88966557,11.0614948,11.66601032,11.75160483,11.51049957,8.393391222,11.74801737,11.31874546,7.550811768,7.936590165,8.191373944,7.799486071,6.592805684,5.627198517,4.838797078,4.281397536,1.621206664,1.370837167
British Virgin Islands,VGB,Domestic general government health expenditure (% of general government expenditure),SH.XPD.GHED.GE.ZS,,,,,,,,,,,,,,,,,,
Virgin Islands (U.S.),VIR,Domestic general government health expenditure (% of general government expenditure),SH.XPD.GHED.GE.ZS,,,,,,,,,,,,,,,,,,
Vietnam,VNM,Domestic general government health expenditure (% of general government expenditure),SH.XPD.GHED.GE.ZS,7.492612302,6.227136403,6.648807228,5.436910689,6.968031824,7.147379965,7.450829446,6.862736493,7.165522873,6.071034819,7.875221223,8.409746736,8.933474869,9.776892513,8.505485952,8.082409948,9.44993645,9.475599229
Vanuatu,VUT,Domestic general government health expenditure (% of general government expenditure),SH.XPD.GHED.GE.ZS,9.704828262,11.26528457,11.7463991,13.21412623,12.55610436,11.69951856,10.67448333,9.904095531,8.179076761,7.267932594,6.848147511,9.393974394,9.404870123,9.80271548,1.950845122,4.868529737,5.387936532,5.301577598
World,WLD,Domestic general government health expenditure (% of general government expenditure),SH.XPD.GHED.GE.ZS,,,,,,,,,,,,,,,,16.43269205,,
Samoa,WSM,Domestic general government health expenditure (% of general government expenditure),SH.XPD.GHED.GE.ZS,11.7968753,10.39145887,11.1003235,9.873786569,11.03975549,10.40493846,12.41772175,10.5564855,12.51867265,12.67088652,10.38235277,10.24056599,10.11918634,10.6222868,10.1211369,11.52781323,11.57773361,11.57773361
Kosovo,XKX,Domestic general government health expenditure (% of general government expenditure),SH.XPD.GHED.GE.ZS,,,,,,,,,,,,,,,,,,
"Yemen, Rep.",YEM,Domestic general government health expenditure (% of general government expenditure),SH.XPD.GHED.GE.ZS,7.485216856,8.127380908,7.572360337,6.807226688,5.716845393,4.501147196,4.35057953,3.876015544,3.88587825,3.716305643,3.847792372,3.659909591,3.42733711,3.1808272,2.820310742,2.228724211,,
South Africa,ZAF,Domestic general government health expenditure (% of general government expenditure),SH.XPD.GHED.GE.ZS,10.85657626,10.72074249,9.269245714,9.306486696,11.08484566,9.77358222,11.52852476,11.74392998,11.57197207,11.33737117,12.44533733,13.2175982,13.58638704,13.32913339,13.37259561,13.33857626,13.33857626,13.33857626
Zambia,ZMB,Domestic general government health expenditure (% of general government expenditure),SH.XPD.GHED.GE.ZS,14.86108452,11.10696569,10.7292369,8.935534209,10.37699059,8.155688643,8.761462569,4.909466207,2.979889698,2.460984141,4.657195136,6.165106967,6.029212847,5.508223176,7.698658854,7.437492907,7.131743431,6.856653839
Zimbabwe,ZWE,Domestic general government health expenditure (% of general government expenditure),SH.XPD.GHED.GE.ZS,,,,,,,,,,,15.22310674,9.12156105,9.796439856,9.646214545,13.35706413,16.59317762,15.23425281,15.23425281
