,,,,,,,,,,,,,,,,,,,,,
,,,,,,,,,,,,,,,,,,,,,
Country Name,Country Code,Indicator Name,Indicator Code,2000,2001,2002,2003,2004,2005,2006,2007,2008,2009,2010,2011,2012,2013,2014,2015,2016,2017
Aruba,ABW,Current health expenditure per capita (current US$),SH.XPD.CHEX.PC.CD,,,,,,,,,,,,,,,,,,
Afghanistan,AFG,Current health expenditure per capita (current US$),SH.XPD.CHEX.PC.CD,,,16.24954033,17.49073792,20.92708588,24.44651222,28.41666222,31.84018517,38.70049286,42.30450821,45.58774948,51.55325699,52.21850967,55.96754837,60.11275864,60.08881378,61.45128632,67.12265015
Angola,AGO,Current health expenditure per capita (current US$),SH.XPD.CHEX.PC.CD,12.96303177,28.85424614,28.96136665,34.71829987,49.52672577,53.93070221,69.42469788,92.45201111,135.2082977,119.8086243,96.64369965,122.1177979,122.2429428,143.7032166,131.7518768,108.6806717,95.22080231,114.4596405
Albania,ALB,Current health expenditure per capita (current US$),SH.XPD.CHEX.PC.CD,,,,,,,,,,,,,,,,,,
Andorra,AND,Current health expenditure per capita (current US$),SH.XPD.CHEX.PC.CD,2050.647461,2081.275391,2256.349121,2774.0896,3161.482178,3536.122803,3689.705566,4094.544434,4201.729492,3911.895996,3754.731445,4013.911865,3857.161133,4107.733887,4346.258301,3695.067871,3843.702881,4040.786621
Arab World,ARB,Current health expenditure per capita (current US$),SH.XPD.CHEX.PC.CD,114.8183832,118.0795111,117.3381496,114.1860782,125.0555571,139.0059772,160.5603803,188.5403213,220.0206892,243.8237899,248.8605712,283.9506454,306.0750951,339.1654638,365.698677,351.14725,348.2605832,345.7894035
United Arab Emirates,ARE,Current health expenditure per capita (current US$),SH.XPD.CHEX.PC.CD,781.8167114,771.6835327,850.9515381,879.3939209,890.3037109,915.0838013,985.3295288,1094.849731,1340.038696,1339.4375,1359.025513,1483.969604,1441.551147,1556.310913,1613.375244,1401.974487,1310.923096,1357.017456
Argentina,ARG,Current health expenditure per capita (current US$),SH.XPD.CHEX.PC.CD,705.1993408,671.52948,222.621994,260.769989,309.7401428,390.0584412,447.3611755,551.75,694.6824341,742.8430176,891.1377563,1068.610596,1168.065796,1206.932861,1089.5,1305.39502,959.2915649,1324.603516
Armenia,ARM,Current health expenditure per capita (current US$),SH.XPD.CHEX.PC.CD,26.12911606,32.25967407,59.6339798,66.78081512,72.17437744,96.35516357,126.2447052,172.5760803,266.2564392,252.7925262,297.2298889,330.6855774,336.5903625,396.7911072,406.5928955,366.0492249,358.8421021,407.6358643
American Samoa,ASM,Current health expenditure per capita (current US$),SH.XPD.CHEX.PC.CD,,,,,,,,,,,,,,,,,,
Antigua and Barbuda,ATG,Current health expenditure per capita (current US$),SH.XPD.CHEX.PC.CD,444.9394226,497.0965881,512.317688,569.6490479,547.8710938,569.3041992,598.2730713,675.7179565,650.1051025,575.2674561,631.5810547,631.9776611,649.8314209,660.6138306,677.6029053,639.5827026,632.175354,673.8596802
Australia,AUS,Current health expenditure per capita (current US$),SH.XPD.CHEX.PC.CD,1632.427612,1558.187378,1763.740723,2240.952148,2757.631836,3004.114746,3177.460693,3794.251709,4088.778076,3997.537109,4952.777344,5876.865723,6047.057617,5838.413574,5637.566895,4887.800781,4999.810547,5331.817871
Austria,AUT,Current health expenditure per capita (current US$),SH.XPD.CHEX.PC.CD,2263.490479,2280.520508,2486.128418,3084.311279,3588.209717,3708.921387,3879.533203,4472.84668,5037.371582,4909.23291,4796.113281,5161.058105,4966.376465,5233.853516,5386.424805,4610.966797,4718.944336,4939.875488
Azerbaijan,AZE,Current health expenditure per capita (current US$),SH.XPD.CHEX.PC.CD,25.27406311,25.55867195,27.76484299,51.74542618,73.91770935,115.3431854,140.06987,176.6751099,224.3975067,258.1975708,279.2627258,325.0741272,368.6564026,399.3669434,432.8713074,370.5245361,259.4368591,275.8093567
Burundi,BDI,Current health expenditure per capita (current US$),SH.XPD.CHEX.PC.CD,8.399593353,8.564998627,7.923168182,7.123649597,9.812274933,12.67660332,16.49478531,18.07363129,18.12654114,21.6476841,26.13816643,24.89590454,21.34763908,21.80189514,20.4353447,19.38197899,22.33998299,23.50043297
Belgium,BEL,Current health expenditure per capita (current US$),SH.XPD.CHEX.PC.CD,1845.321045,1878.291138,2074.923828,2804.908447,3255.437744,3339.992676,3474.425781,3988.885986,4539.739746,4566.755371,4449.542969,4856.177734,4614.677734,4849.913574,4944.26123,4171.053223,4278.771484,4507.356445
Benin,BEN,Current health expenditure per capita (current US$),SH.XPD.CHEX.PC.CD,15.82836819,16.75965691,17.39034081,21.5393734,24.49997902,24.14852524,25.40396118,27.9001255,30.20895767,30.60146141,30.98649216,34.87116241,39.10340118,35.75758362,34.40216064,31.29438972,30.40147591,30.76644707
Burkina Faso,BFA,Current health expenditure per capita (current US$),SH.XPD.CHEX.PC.CD,7.525643349,7.707980156,8.713751793,11.74841595,17.61220932,18.08620071,21.35472298,27.96674919,29.78364754,31.59088326,33.91081619,34.87395477,34.89034271,43.7971344,39.5918541,33.51475906,40.95466232,44.40349197
Bangladesh,BGD,Current health expenditure per capita (current US$),SH.XPD.CHEX.PC.CD,8.305018425,8.111805916,9.058132172,9.963505745,10.74730587,11.25134373,11.95842457,13.88296032,15.32613659,17.38355446,20.17736053,22.15707016,22.74785042,25.85965729,28.83413315,31.84148788,33.52619171,36.28233719
Bulgaria,BGR,Current health expenditure per capita (current US$),SH.XPD.CHEX.PC.CD,94.49745178,119.8299789,148.1479187,195.7436981,233.113327,267.741394,294.1089172,361.2349854,455.5405884,459.3002014,484.7522888,555.8641968,558.6479492,600.3096924,666.4014282,572.0448608,612.4785767,663.7150879
Bahrain,BHR,Current health expenditure per capita (current US$),SH.XPD.CHEX.PC.CD,485.6842651,484.9045715,503.0286865,567.2358398,550.3571167,570.291687,591.3137817,692.9870605,757.770813,785.2914429,796.3171387,805.2404175,971.1656494,1066.366455,1100.991455,1128.755859,1099.362305,1127.186279
"Bahamas, The",BHS,Current health expenditure per capita (current US$),SH.XPD.CHEX.PC.CD,1093.608398,1101.024292,1192.572021,1223.784302,1308.654175,1389.401367,1631.438477,1714.844604,1748.450562,1669.950562,1657.592896,1661.677979,1742.751953,1697.333862,1689.116333,1741.918701,1837.258789,1771.535522
Bosnia and Herzegovina,BIH,Current health expenditure per capita (current US$),SH.XPD.CHEX.PC.CD,113.0305862,111.7816162,126.856987,180.4241333,243.4220428,261.7666626,302.3844299,386.9458008,481.739563,423.8459473,415.8838806,463.5262146,447.6091309,477.7616882,492.1351013,428.151886,443.7765503,460.4733276
Belarus,BLR,Current health expenditure per capita (current US$),SH.XPD.CHEX.PC.CD,57.30836868,73.87293243,86.54052734,109.1908417,141.8589783,197.081955,222.4716187,279.4168701,349.712616,289.0747375,341.7745361,317.9577942,363.7626038,453.8238525,447.7013245,360.9803772,297.5429993,342.4999084
Belize,BLZ,Current health expenditure per capita (current US$),SH.XPD.CHEX.PC.CD,139.3054199,160.7647858,160.0285034,175.1927338,174.8044128,184.2725983,192.7100983,218.0575562,226.3616333,246.519104,250.305542,254.4269562,249.5245361,266.280304,273.1342163,289.5839844,300.1517334,280.4988098
Bermuda,BMU,Current health expenditure per capita (current US$),SH.XPD.CHEX.PC.CD,,,,,,,,,,,,,,,,,,
Bolivia,BOL,Current health expenditure per capita (current US$),SH.XPD.CHEX.PC.CD,44.26250839,46.23665237,44.73251724,47.67616653,47.57627869,53.09695053,57.49631119,65.2692337,80.01657867,91.94317627,103.0668411,122.9997711,138.9788818,164.337265,184.1956024,201.5648804,213.017334,220.2745667
Brazil,BRA,Current health expenditure per capita (current US$),SH.XPD.CHEX.PC.CD,311.6526794,269.3467712,246.1060333,250.5107574,294.357666,383.3045959,483.4282837,599.8584595,704.0132446,718.029541,891.7641602,1025.490356,950.9295044,974.4987183,1009.828674,776.152832,795.6615601,928.7993164
Barbados,BRB,Current health expenditure per capita (current US$),SH.XPD.CHEX.PC.CD,604.5227661,623.4923706,670.696167,787.9133301,922.6547852,943.5418701,1009.486877,1024.984985,1117.532959,1146.35144,1097.623901,1145.173096,1273.416626,1258.091919,1177.755737,1158.383789,1163.775024,1183.836182
Brunei Darussalam,BRN,Current health expenditure per capita (current US$),SH.XPD.CHEX.PC.CD,508.4324036,464.6770325,473.1112671,535.131958,619.131958,646.0823364,654.7131958,702.8585205,788.9667969,741.5541992,803.4937744,876.434082,881.9977417,846.6196899,795.0393677,739.2253418,686.4823608,671.411499
Bhutan,BTN,Current health expenditure per capita (current US$),SH.XPD.CHEX.PC.CD,31.84200096,36.8015213,36.71083832,38.00271225,46.79963303,47.16679764,54.09716415,63.93658447,56.3939476,58.03437424,69.80043793,74.48532104,80.10830688,81.93123627,82.32798004,91.11316681,91.33533478,96.79930115
Botswana,BWA,Current health expenditure per capita (current US$),SH.XPD.CHEX.PC.CD,195.1425476,192.5809631,196.218277,257.1269836,283.7188721,268.5843201,256.8435364,304.7089539,325.1464539,338.3658752,393.0801392,432.3349915,472.2837524,435.7691345,419.494751,373.7851563,386.631958,465.9293213
Central African Republic,CAF,Current health expenditure per capita (current US$),SH.XPD.CHEX.PC.CD,10.41816616,9.158759117,10.51685905,12.85223389,13.00584888,15.43082333,15.5045433,18.94192696,18.37650871,19.55119514,16.70606804,18.75053978,18.71936417,16.34556389,18.30316162,21.97935295,16.36043549,24.15005493
Canada,CAN,Current health expenditure per capita (current US$),SH.XPD.CHEX.PC.CD,1998.634277,2054.408691,2150.886719,2551.522217,2913.394775,3282.904785,3767.274902,4190.353027,4453.645996,4347.731934,5044.135254,5361.238281,5408.930664,5345.318359,5081.559082,4539.139648,4518.13623,4754.947754
Central Europe and the Baltics,CEB,Current health expenditure per capita (current US$),SH.XPD.CHEX.PC.CD,221.140527,252.1759466,298.2324758,372.9412809,446.7367993,522.5036194,580.0235531,729.911684,926.9850682,841.597358,854.9496399,906.5104341,850.6549509,918.0205034,934.6426636,815.5149089,848.2253509,934.0073094
Switzerland,CHE,Current health expenditure per capita (current US$),SH.XPD.CHEX.PC.CD,3737.802979,3957.172363,4420.574219,5277.378906,5889.844238,5964.726563,5900.513672,6401.807617,7411.206055,7599.472656,8021.80957,9572.171875,9286.549805,9689.674805,10014.70898,9807.798828,9835.963867,9956.259766
Channel Islands,CHI,Current health expenditure per capita (current US$),SH.XPD.CHEX.PC.CD,,,,,,,,,,,,,,,,,,
Chile,CHL,Current health expenditure per capita (current US$),SH.XPD.CHEX.PC.CD,358.8254089,328.638855,324.3238525,351.0978394,428.6191711,501.7507324,572.4163818,650.0742188,726.7156982,738.4604492,871.2634277,995.8383179,1083.46167,1186.80249,1154.848267,1140.134766,1190.548584,1381.986206
China,CHN,Current health expenditure per capita (current US$),SH.XPD.CHEX.PC.CD,42.35367584,43.94076157,49.47109604,56.03277206,63.6989975,72.36211395,81.79035187,97.74692535,132.7853088,163.7121887,187.7334747,237.9336243,283.5221863,328.184906,361.7244263,392.8460388,398.3315735,440.8256226
Cote d'Ivoire,CIV,Current health expenditure per capita (current US$),SH.XPD.CHEX.PC.CD,35.96916199,31.49074364,31.25056648,39.31767654,47.41286087,49.26839828,54.7964859,67.07280731,78.45570374,75.22279358,74.44944,74.66671753,76.54801941,73.14182281,80.83786011,63.39889526,67.57069397,69.74924469
Cameroon,CMR,Current health expenditure per capita (current US$),SH.XPD.CHEX.PC.CD,26.29117393,27.67918777,31.32293129,38.89506912,41.63111877,42.66516113,44.36484909,50.57829666,61.45114517,57.96943283,58.96177673,48.59146118,62.70304871,67.26609039,71.24243927,63.62799072,65.1211853,67.81181335
"Congo, Dem. Rep.",COD,Current health expenditure per capita (current US$),SH.XPD.CHEX.PC.CD,20.16250801,6.091817379,4.69065094,6.682243347,8.625480652,9.341087341,11.26686859,12.43934917,16.35500908,13.59017086,12.8576479,12.64191055,14.25106907,16.33662033,19.38299942,19.88494873,20.60371971,19.43164635
"Congo, Rep.",COG,Current health expenditure per capita (current US$),SH.XPD.CHEX.PC.CD,16.90870285,20.02143669,16.63050652,21.11861229,27.1476059,30.70922852,35.86383438,41.95578384,63.13312912,48.77146149,55.44844437,60.71307755,72.92818451,73.43602753,72.46259308,58.44861984,52.94798279,49.98372269
Colombia,COL,Current health expenditure per capita (current US$),SH.XPD.CHEX.PC.CD,130.3342438,134.1677399,128.2384033,125.976738,155.184845,204.1060333,233.5850525,301.5988464,369.0353394,374.1268005,441.3017883,489.4076843,533.7362061,585.8063965,569.8972778,444.0635681,419.3352051,459.1975708
Comoros,COM,Current health expenditure per capita (current US$),SH.XPD.CHEX.PC.CD,45.56632996,43.29927063,48.32817078,57.44998932,62.61508179,62.38566971,62.43795013,67.69605255,72.41296387,68.10391235,67.08797455,78.60990906,65.27144623,68.86522675,68.41656494,58.17833328,57.54027176,58.76092911
Cabo Verde,CPV,Current health expenditure per capita (current US$),SH.XPD.CHEX.PC.CD,62.03603363,65.93231201,71.40619659,87.0982132,95.77087402,98.22501373,115.4680939,130.2969513,130.2868042,132.6014862,148.2325287,158.1145935,173.9728241,188.2091064,188.2107391,144.3828888,149.2765198,167.5896149
Costa Rica,CRI,Current health expenditure per capita (current US$),SH.XPD.CHEX.PC.CD,251.0935822,258.7848206,280.2767334,291.7362976,294.6903687,314.4723816,365.5856323,430.478241,519.3451538,538.442627,665.2514038,754.9591064,790.1933594,831.6552124,837.9086914,891.2605591,886.5013428,869.0777588
Caribbean small states,CSS,Current health expenditure per capita (current US$),SH.XPD.CHEX.PC.CD,257.697679,251.390626,272.7940161,282.6392368,327.4210068,352.7860098,390.6551283,439.9822455,479.9211909,463.9078048,488.2207928,507.6235526,528.374606,546.993037,548.4184865,575.9815567,570.2932504,582.671927
Cuba,CUB,Current health expenditure per capita (current US$),SH.XPD.CHEX.PC.CD,180.417099,197.7462006,213.0417938,226.7738495,231.6465302,330.8660583,386.2203369,568.6090088,608.3035889,674.1086426,606.6707153,692.5626831,597.574585,705.1513062,856.0169067,974.9695435,972.7585449,987.6270142
Curacao,CUW,Current health expenditure per capita (current US$),SH.XPD.CHEX.PC.CD,,,,,,,,,,,,,,,,,,
Cayman Islands,CYM,Current health expenditure per capita (current US$),SH.XPD.CHEX.PC.CD,,,,,,,,,,,,,,,,,,
Cyprus,CYP,Current health expenditure per capita (current US$),SH.XPD.CHEX.PC.CD,750.5167236,782.1616211,890.4829712,1145.058472,1286.971558,1366.01709,1474.02063,1694.271851,2155.246582,2105.477783,1959.287231,2153.427246,1943.19397,1919.605469,1846.177368,1582.108887,1636.821045,1731.694458
Czech Republic,CZE,Current health expenditure per capita (current US$),SH.XPD.CHEX.PC.CD,342.921051,388.5440369,497.7420349,640.6604004,746.3289185,852.6524658,942.118042,1110.176636,1449.336792,1442.242798,1373.931763,1516.55542,1387.406006,1554.509033,1512.926147,1284.046753,1321.620239,1475.915161
Germany,DEU,Current health expenditure per capita (current US$),SH.XPD.CHEX.PC.CD,2334.651855,2341.071289,2551.568115,3138.26123,3443.54541,3547.225342,3684.42627,4166.760742,4635.934082,4643.00293,4597.244629,5021.630859,4754.655762,5094.416016,5290.722168,4617.490723,4734.183105,5033.452148
Djibouti,DJI,Current health expenditure per capita (current US$),SH.XPD.CHEX.PC.CD,31.95798492,31.05513763,40.23333359,46.17571259,40.33253479,40.95962524,47.2321701,50.20168304,53.53124237,54.72465897,55.47851181,67.80436707,71.15094757,66.52606201,72.04343414,81.72909546,75.14893341,70.33089447
Dominica,DMA,Current health expenditure per capita (current US$),SH.XPD.CHEX.PC.CD,250.7455292,260.807251,259.6641846,261.7678528,267.5639038,269.7536926,288.0628662,318.6968994,352.4948425,385.1733398,384.9183044,372.7347412,393.1093445,371.9087219,396.3452759,395.8644104,411.9638672,439.5944519
Denmark,DNK,Current health expenditure per capita (current US$),SH.XPD.CHEX.PC.CD,2496.047119,2602.642822,2895.807373,3607.042969,4194.873535,4442.755371,4778.891602,5468.379395,6137.776367,6221.688965,6011.536621,6281.004395,6003.832031,6236.554199,6380.78418,5469.333984,5565.59375,5800.151367
Dominican Republic,DOM,Current health expenditure per capita (current US$),SH.XPD.CHEX.PC.CD,138.6445923,143.7070313,153.2112427,104.748558,105.1440353,168.6291962,161.4273071,194.6236572,235.9592438,251.3444977,303.6044617,327.8554993,351.6746826,351.4195557,371.2853088,391.002655,414.2970886,433.2085876
Algeria,DZA,Current health expenditure per capita (current US$),SH.XPD.CHEX.PC.CD,61.30289078,66.50473022,66.17266846,75.41760254,92.1150589,100.2941589,116.2412338,150.3798065,206.1130524,207.3460236,228.3995209,286.1520081,333.9366455,330.2236328,357.8985901,290.5036011,260.4223938,258.4942932
East Asia & Pacific (excluding high income),EAP,Current health expenditure per capita (current US$),SH.XPD.CHEX.PC.CD,38.087594,39.24245941,43.7877915,50.02016222,56.26992515,64.6140445,74.20007111,88.80950499,116.15426,138.0423808,160.4477558,199.592764,233.3279116,265.2923055,288.8957447,308.2185247,313.7073684,344.2784836
Early-demographic dividend,EAR,Current health expenditure per capita (current US$),SH.XPD.CHEX.PC.CD,66.23356905,67.48759491,61.21230891,67.51898937,76.36907239,87.02752622,97.82270285,113.2231138,124.6781499,126.7050975,145.2600662,158.4232318,164.9693546,169.9467968,170.6956696,167.4331849,160.764874,169.7399596
East Asia & Pacific,EAS,Current health expenditure per capita (current US$),SH.XPD.CHEX.PC.CD,239.2280993,222.6603791,224.4713996,251.8987708,278.4520286,292.3080253,298.2192397,322.4176523,375.1756694,420.4285477,479.2070802,587.847715,627.6311801,605.713379,615.1413403,601.8621393,635.2921087,671.0799562
Europe & Central Asia (excluding high income),ECA,Current health expenditure per capita (current US$),SH.XPD.CHEX.PC.CD,90.36007631,95.72615158,114.8236466,143.2701608,182.1853051,230.7351783,281.7884225,358.8127449,446.3891952,386.0839113,419.6811492,471.6726758,505.6954027,544.4227115,503.7164783,384.0304055,371.4542861,417.1155496
Europe & Central Asia,ECS,Current health expenditure per capita (current US$),SH.XPD.CHEX.PC.CD,917.6692254,948.4980776,1066.131993,1326.453076,1539.708787,1634.722407,1750.40194,2013.113827,2253.574011,2165.063366,2152.745337,2333.422845,2237.031862,2387.507986,2433.889159,2105.062358,2101.777425,2192.444556
Ecuador,ECU,Current health expenditure per capita (current US$),SH.XPD.CHEX.PC.CD,48.09148407,71.15251923,97.3524704,132.3925934,150.3476105,168.5761108,190.5664978,210.5925903,248.6487732,274.0058899,331.6893005,410.8297729,483.5228577,519.93396,551.4692993,528.201416,505.9983521,518.0296021
"Egypt, Arab Rep.",EGY,Current health expenditure per capita (current US$),SH.XPD.CHEX.PC.CD,72.52476501,71.97563934,67.21645355,52.98260117,53.06534958,62.81664658,70.18094635,77.66156006,95.62693787,104.944603,111.4353485,123.259613,143.3803711,140.3324585,153.7887726,180.8200989,151.4685059,105.7684555
Euro area,EMU,Current health expenditure per capita (current US$),SH.XPD.CHEX.PC.CD,1773.469015,1815.126538,2012.423177,2522.616569,2847.3526,2967.910337,3135.292435,3555.776342,4002.91584,3939.202352,3836.308808,4100.496851,3837.818123,4013.282329,4100.967279,3522.567853,3594.345704,3761.33668
Eritrea,ERI,Current health expenditure per capita (current US$),SH.XPD.CHEX.PC.CD,9.292212486,9.85541153,10.44362736,13.21901894,15.59273815,14.70170403,15.80758476,12.96315956,12.70316219,18.75515938,16.66270638,24.19223976,19.71989822,21.42765045,23.54279709,26.25107193,29.37417793,32.91199875
Spain,ESP,Current health expenditure per capita (current US$),SH.XPD.CHEX.PC.CD,1002.786987,1044.136963,1169.059937,1632.26001,1914.508911,2050.842285,2227.942139,2587.02417,2967.600342,2912.541748,2775.140137,2894.764404,2588.674561,2628.86377,2671.282959,2351.530029,2390.631104,2506.464844
Estonia,EST,Current health expenditure per capita (current US$),SH.XPD.CHEX.PC.CD,209.7131348,214.7041473,250.4802094,349.0580444,455.0681152,524.6801147,600.5078735,832.7330933,1038.562256,963.0196533,926.4541626,1014.639282,1013.371521,1144.321533,1237.278442,1112.465942,1185.297119,1300.481689
Ethiopia,ETH,Current health expenditure per capita (current US$),SH.XPD.CHEX.PC.CD,5.359203815,5.58962965,5.232793331,5.811179161,5.850319386,6.620583534,8.622084618,11.93408108,13.40835762,15.60465622,16.69390488,15.12680435,20.72800827,19.98802185,22.43831253,24.91566086,26.67306137,25.26195335
European Union,EUU,Current health expenditure per capita (current US$),SH.XPD.CHEX.PC.CD,1441.015708,1483.950827,1654.585941,2076.634872,2365.143522,2479.528241,2628.111412,2998.644931,3397.61385,3323.087832,3255.782086,3511.631894,3296.556547,3459.771765,3533.737115,3038.895187,3105.372548,3261.426925
Fragile and conflict affected situations,FCS,Current health expenditure per capita (current US$),SH.XPD.CHEX.PC.CD,46.05861998,47.06481798,38.78791821,42.93603315,50.10909542,56.20337291,74.10241371,86.94143053,98.71505244,105.2748849,110.0605347,106.0921696,109.2158131,110.6083929,113.7189595,104.3521795,87.06583566,81.40936717
Finland,FIN,Current health expenditure per capita (current US$),SH.XPD.CHEX.PC.CD,1655.866211,1737.976196,1971.683228,2510.001709,2926.829346,3111.373047,3286.428955,3774.777588,4315.478516,4179.838379,4099.587891,4548.829102,4411.17627,4306.805176,4739.988281,4121.901855,4094.894775,4205.742676
Fiji,FJI,Current health expenditure per capita (current US$),SH.XPD.CHEX.PC.CD,77.00411987,64.16983032,73.01235962,91.3404541,117.6120682,129.0754852,136.0088348,150.9055481,144.1117706,129.0674133,135.1620636,148.2068634,160.8294373,165.1278076,184.708252,174.4962616,179.9115906,188.4143219
France,FRA,Current health expenditure per capita (current US$),SH.XPD.CHEX.PC.CD,2156.483398,2190.798828,2438.24707,2999.567383,3452.43042,3573.602783,3812.535889,4314.527344,4793.813477,4724.207031,4593.392578,4933.404785,4652.287109,4900.390137,4987.874023,4204.090332,4256.961426,4379.727051
Faroe Islands,FRO,Current health expenditure per capita (current US$),SH.XPD.CHEX.PC.CD,,,,,,,,,,,,,,,,,,
"Micronesia, Fed. Sts.",FSM,Current health expenditure per capita (current US$),SH.XPD.CHEX.PC.CD,168.4108124,190.0878754,178.638031,219.5381622,270.8387146,417.4608154,257.138916,270.4691467,301.8561707,338.0844421,375.6712036,393.6125488,387.8738403,371.025238,360.8811951,377.9867859,397.1534729,424.8097839
Gabon,GAB,Current health expenditure per capita (current US$),SH.XPD.CHEX.PC.CD,127.3571854,125.3453598,136.6338501,173.0264587,189.4092407,197.796463,221.0298767,263.2390442,282.0726624,294.0741272,216.7141113,274.0899963,236.6305237,274.9890747,245.485321,197.9447174,219.9850922,204.4922485
United Kingdom,GBR,Current health expenditure per capita (current US$),SH.XPD.CHEX.PC.CD,1674.2854,1739.170044,1965.769409,2347.039063,2828.298096,3010.180664,3251.677734,3740.197998,3606.229004,3273.727539,3309.480957,3501.949707,3492.889648,4207.887695,4601.137207,4326.25,3945.009033,3858.674316
Georgia,GEO,Current health expenditure per capita (current US$),SH.XPD.CHEX.PC.CD,47.90106964,50.78782654,58.98659897,71.96018219,94.03149414,118.6558456,136.9098511,177.1108856,255.9173889,246.977478,262.5267029,290.2702637,323.0097656,334.9199219,348.9715576,280.9128723,308.4629517,293.0535889
Ghana,GHA,Current health expenditure per capita (current US$),SH.XPD.CHEX.PC.CD,17.16465569,20.25897026,20.13701439,24.37946892,28.3837471,43.54916763,49.56288528,59.16115189,68.20340729,67.20121002,80.91317749,99.81391907,90.41516113,111.0360565,81.51717377,82.4074173,67.50886536,66.74941254
Gibraltar,GIB,Current health expenditure per capita (current US$),SH.XPD.CHEX.PC.CD,,,,,,,,,,,,,,,,,,
Guinea,GIN,Current health expenditure per capita (current US$),SH.XPD.CHEX.PC.CD,15.92329311,15.34474754,17.8484211,18.15907097,17.35456467,14.37624359,12.58699799,18.99826431,19.47841072,18.87068939,19.18915367,23.30078888,22.94407463,25.12864304,35.60309219,42.25040436,37.45933914,33.72011185
"Gambia, The",GMB,Current health expenditure per capita (current US$),SH.XPD.CHEX.PC.CD,23.00798416,20.11997414,16.57744598,15.20531082,18.05746078,21.21098328,24.01049423,29.68015289,35.96464539,31.76080513,32.28450775,32.12828445,30.98698235,29.88497925,22.69185257,21.85383415,20.91217232,23.27232552
Guinea-Bissau,GNB,Current health expenditure per capita (current US$),SH.XPD.CHEX.PC.CD,22.49360466,20.37285614,19.98609734,23.96666145,31.65333366,32.65285873,30.45959854,36.41126633,42.47898102,39.14808655,36.2626915,41.48436356,34.36190033,42.84596252,57.92459869,50.8429985,52.18204117,52.35940933
Equatorial Guinea,GNQ,Current health expenditure per capita (current US$),SH.XPD.CHEX.PC.CD,43.7298851,60.2087822,74.72267914,107.1668015,143.442215,162.6978607,193.35112,247.6587677,415.9969177,304.8797302,311.6481934,333.2712097,272.3968201,379.7668152,422.0434875,326.9108887,290.3440247,301.1500549
Greece,GRC,Current health expenditure per capita (current US$),SH.XPD.CHEX.PC.CD,,,,,1791.739624,1948.504272,2063.880371,2439.315674,2847.825195,2816.13623,2573.740234,2354.009277,1968.480469,1834.335083,1724.528687,1464.725586,1499.35083,1516.587769
Grenada,GRD,Current health expenditure per capita (current US$),SH.XPD.CHEX.PC.CD,272.4242554,285.3203125,316.2298584,312.9335327,310.0204163,368.2311707,408.2746887,432.9971924,462.8188782,449.2532349,456.2245789,460.0105591,450.2014771,451.8045044,404.8162537,440.2941589,463.6931763,497.2360535
Greenland,GRL,Current health expenditure per capita (current US$),SH.XPD.CHEX.PC.CD,,,,,,,,,,,,,,,,,,
Guatemala,GTM,Current health expenditure per capita (current US$),SH.XPD.CHEX.PC.CD,83.95554352,100.3934326,107.955986,113.6128998,122.2627335,132.334137,148.713913,158.3343964,174.7796326,168.1854248,173.7517853,189.2414093,198.4628448,213.023941,219.1398926,233.8632813,248.8022003,259.9350281
Guam,GUM,Current health expenditure per capita (current US$),SH.XPD.CHEX.PC.CD,,,,,,,,,,,,,,,,,,
Guyana,GUY,Current health expenditure per capita (current US$),SH.XPD.CHEX.PC.CD,58.02318192,60.19581604,64.66991425,67.86012268,80.87737274,90.62982941,97.68846893,120.5415878,125.8893204,141.6074066,165.340683,177.7289276,185.9785614,199.0410004,207.3847351,187.964325,232.9405975,230.5272827
High income,HIC,Current health expenditure per capita (current US$),SH.XPD.CHEX.PC.CD,2449.547846,2538.677789,2739.73397,3108.592011,3401.335422,3583.731064,3771.741135,4088.218804,4380.347128,4455.962378,4605.392259,4953.404341,4968.506434,5041.152331,5187.270424,5025.449887,5196.279577,5368.581718
"Hong Kong SAR, China",HKG,Current health expenditure per capita (current US$),SH.XPD.CHEX.PC.CD,,,,,,,,,,,,,,,,,,
Honduras,HND,Current health expenditure per capita (current US$),SH.XPD.CHEX.PC.CD,70.76519012,69.52587128,73.60421753,81.27610779,86.19769287,101.5951843,117.0001221,130.7856445,152.032196,162.3601532,168.5660248,186.47229,188.3479004,181.0891418,183.2358704,180.6053925,194.6328888,195.9357452
Heavily indebted poor countries (HIPC),HPC,Current health expenditure per capita (current US$),SH.XPD.CHEX.PC.CD,17.18517218,16.36679814,16.98582027,19.7833068,23.25887489,26.81750616,31.39547559,36.93870738,41.38263538,41.70688635,43.6150294,46.63439401,47.08189422,50.85701703,51.46162551,51.1057156,51.27275813,53.23109679
Croatia,HRV,Current health expenditure per capita (current US$),SH.XPD.CHEX.PC.CD,371.0621338,388.3248901,386.4440918,512.1520996,634.6203003,727.1310425,816.0170288,1041.034424,1258.872437,1187.545288,1126.373657,1132.498901,1029.971191,889.944519,909.3716431,795.520813,840.9050293,902.1396484
Haiti,HTI,Current health expenditure per capita (current US$),SH.XPD.CHEX.PC.CD,29.48482895,26.64746857,21.7909584,18.16031456,23.48988914,24.70739555,28.52183342,36.87393951,39.71974945,40.71285248,54.64093399,75.37247467,73.48410797,58.19068909,63.88166428,67.30422211,59.09425735,62.35327911
Hungary,HUN,Current health expenditure per capita (current US$),SH.XPD.CHEX.PC.CD,313.1085815,359.6974792,473.1278381,682.8656616,798.4536133,895.2033081,893.2030029,1003.258179,1117.202271,943.6876831,983.1108398,1063.432251,961.1383667,990.6311646,1006.156494,870.5192261,914.5585938,981.4230347
IBRD only,IBD,Current health expenditure per capita (current US$),SH.XPD.CHEX.PC.CD,77.26813114,78.32045443,76.93007165,85.15201507,99.04959908,116.7720551,135.8301432,163.9636217,197.4177875,202.797326,233.7993709,269.0790971,286.4222632,306.6560033,313.13829,297.1143247,292.9168516,324.7692723
IDA & IBRD total,IBT,Current health expenditure per capita (current US$),SH.XPD.CHEX.PC.CD,64.6558669,65.27047817,63.99820169,71.24031253,82.6009531,97.12030079,112.8673684,135.5159697,162.1354976,165.7335728,189.6484109,216.9297539,230.1539216,246.6717975,251.7005783,238.7006523,235.2802966,258.4816419
IDA total,IDA,Current health expenditure per capita (current US$),SH.XPD.CHEX.PC.CD,16.37908293,15.94300666,16.71735677,20.76666825,23.69681557,27.65696844,32.75859321,37.57998977,42.26272726,41.43313594,44.89254837,48.11868391,50.49309114,54.87865787,57.86823614,56.8841012,55.09175854,55.50704281
IDA blend,IDB,Current health expenditure per capita (current US$),SH.XPD.CHEX.PC.CD,19.10463087,18.4334269,18.9692239,26.89359614,30.09570416,36.24470784,44.33597386,49.29462863,54.61656196,50.09226227,55.84300586,59.65219335,65.51278426,71.73010499,76.87662049,72.86806096,68.29094284,66.31499023
Indonesia,IDN,Current health expenditure per capita (current US$),SH.XPD.CHEX.PC.CD,16.19961548,17.6875267,19.89102554,26.64472771,27.13468361,35.43886566,46.09786987,58.03127289,61.77248001,64.90525818,92.18703461,107.4081497,107.0563965,107.1952057,108.837265,100.4307022,111.3138351,114.9717865
IDA only,IDX,Current health expenditure per capita (current US$),SH.XPD.CHEX.PC.CD,14.96621285,14.65160483,15.58538749,17.68128242,20.4760618,23.33463923,26.92886544,31.67559726,36.02781501,37.05602436,39.18685307,42.09602929,42.63802176,45.8656227,47.70182263,48.33701453,47.8380664,49.63577039
Isle of Man,IMN,Current health expenditure per capita (current US$),SH.XPD.CHEX.PC.CD,,,,,,,,,,,,,,,,,,
India,IND,Current health expenditure per capita (current US$),SH.XPD.CHEX.PC.CD,18.56432343,19.86275864,20.30065536,22.06719208,25.14221001,27.75144768,29.65160179,35.96347809,37.99359894,38.41241455,45.25077438,48.72283554,49.05140305,56.2184639,57.15113831,58.9663353,60.6183815,69.29309845
Not classified,INX,Current health expenditure per capita (current US$),SH.XPD.CHEX.PC.CD,,,,,,,,,,,,,,,,,,
Ireland,IRL,Current health expenditure per capita (current US$),SH.XPD.CHEX.PC.CD,1560.950562,1822.140381,2190.017822,2904.407471,3476.919678,3936.624023,4143.44873,4852.221191,5616.04834,5480.83252,5128.450684,5563.418457,5239.633789,5330.228027,5392.350098,4565.128906,4721.105469,4976.862305
"Iran, Islamic Rep.",IRN,Current health expenditure per capita (current US$),SH.XPD.CHEX.PC.CD,80.23737335,93.70489502,104.6841354,115.4462585,141.0425873,173.206543,197.9138489,245.9896545,299.4399109,367.575592,440.8525085,524.6916504,519.3035889,413.7277527,382.7059021,375.1260071,454.1855469,475.47995
Iraq,IRQ,Current health expenditure per capita (current US$),SH.XPD.CHEX.PC.CD,,,,28.15644646,53.50298691,53.59041214,56.67925262,97.20552826,129.696579,163.1475067,145.4638519,163.420929,178.9414063,195.2407074,187.4568329,154.4774933,149.5103455,210.3137054
Iceland,ISL,Current health expenditure per capita (current US$),SH.XPD.CHEX.PC.CD,2873.848145,2557.269531,3091.28833,3955.023926,4497.974121,5213.475586,5071.734375,6085.145996,4945.617188,3693.276367,3644.802734,3867.376953,3706.809326,4030.777832,4476.212891,4281.575684,5063.605957,6086.311523
Israel,ISR,Current health expenditure per capita (current US$),SH.XPD.CHEX.PC.CD,1496.87854,1541.569824,1387.578247,1417.606812,1471.525635,1537.728516,1576.017212,1780.092896,2121.681152,2017.15918,2211.019043,2410.748291,2376.651367,2648.820557,2788.500244,2640.311279,2856.178955,3144.626221
Italy,ITA,Current health expenditure per capita (current US$),SH.XPD.CHEX.PC.CD,1520.453613,1585.269897,1754.255371,2158.177002,2561.030762,2676.486816,2830.181885,3088.470215,3489.98584,3324.373535,3214.546387,3387.575684,3125.611572,3195.553467,3190.088135,2708.835449,2736.262695,2840.130615
Jamaica,JAM,Current health expenditure per capita (current US$),SH.XPD.CHEX.PC.CD,195.5306549,181.1382446,174.9438477,158.3518372,196.0519257,181.800415,193.5884094,236.3372955,267.2378235,206.9230194,234.9303131,251.7614441,260.3197632,262.0128174,254.0866394,279.3474426,280.1780701,307.1960449
Jordan,JOR,Current health expenditure per capita (current US$),SH.XPD.CHEX.PC.CD,159.7515106,170.8268433,174.9880219,172.2284698,185.9997253,195.2457428,204.4032135,229.3342438,296.3777161,331.8196716,308.6578979,317.5778198,309.4422302,293.4598694,301.5377197,314.3234558,297.096344,340.6618042
Japan,JPN,Current health expenditure per capita (current US$),SH.XPD.CHEX.PC.CD,2740.465088,2479.623535,2404.467041,2642.032471,2875.721924,2883.083252,2754.157471,2772.455566,3213.398926,3685.825439,4060.190186,5087.102051,5212.069824,4336.149902,4099.464844,3733.67334,4174.904297,4168.986328
Kazakhstan,KAZ,Current health expenditure per capita (current US$),SH.XPD.CHEX.PC.CD,50.54031754,51.12460327,58.95573425,75.36910248,111.7101898,143.4104767,175.4342041,178.9144897,254.3148804,249.3059998,247.4310608,310.8926392,376.0975342,394.0064392,342.9827576,316.4008484,262.1387329,279.6453247
Kenya,KEN,Current health expenditure per capita (current US$),SH.XPD.CHEX.PC.CD,20.85256767,21.60421181,22.0410881,25.43789101,27.52698326,30.96095657,40.93828964,50.32187271,55.47107697,55.46074295,59.16981125,57.38742447,64.8393631,67.8392868,72.88892365,70.72566986,73.39691925,76.61032104
Kyrgyz Republic,KGZ,Current health expenditure per capita (current US$),SH.XPD.CHEX.PC.CD,12.29035378,13.16226959,14.77491474,22.32658577,27.23736763,36.11369705,45.94963074,50.79242706,63.73428726,60.58197784,61.45328522,79.99365997,100.4761887,105.6601791,95.1547699,81.3999176,73.35588074,78.82283783
Cambodia,KHM,Current health expenditure per capita (current US$),SH.XPD.CHEX.PC.CD,19.73552704,22.56583023,24.56144714,25.22072029,28.98328972,32.49756241,33.02983475,30.96545792,49.23014832,55.98243713,54.30473709,66.2179184,69.06165314,72.00949097,73.29931641,72.051651,77.6736908,82.0758667
Kiribati,KIR,Current health expenditure per capita (current US$),SH.XPD.CHEX.PC.CD,68.88175964,90.61242676,98.46152496,108.1970215,140.2285767,139.9230957,135.0247955,156.8310242,201.4916077,177.1810608,139.868927,148.9050751,153.6522217,161.5589294,161.3865967,121.7256546,145.360321,171.4174805
St. Kitts and Nevis,KNA,Current health expenditure per capita (current US$),SH.XPD.CHEX.PC.CD,445.4212952,438.0188599,458.8899536,471.3421021,474.6488647,532.0631714,652.4373169,664.2041626,819.8809204,804.5993652,789.3651123,829.8640137,787.1557617,830.6645508,827.3389893,848.9301147,871.8046875,902.6589966
"Korea, Rep.",KOR,Current health expenditure per capita (current US$),SH.XPD.CHEX.PC.CD,473.9160156,511.1699829,547.4658203,648.1060791,722.3965454,891.9749756,1071.94751,1230.198242,1155.700439,1112.372314,1374.272217,1521.492432,1575.856079,1712.077515,1910.741455,1925.468506,2040.405273,2283.074707
Kuwait,KWT,Current health expenditure per capita (current US$),SH.XPD.CHEX.PC.CD,462.5890808,596.6914673,635.4162598,713.156311,742.3007813,843.8959351,962.5648193,976.8039551,1074.297363,1454.546265,1061.365601,1263.820679,1319.254395,1251.391479,1375.003296,1168.828491,1072.733032,1529.077637
Latin America & Caribbean (excluding high income),LAC,Current health expenditure per capita (current US$),SH.XPD.CHEX.PC.CD,276.9993771,272.0022283,230.6326991,239.0220667,271.4450134,327.0315319,389.8218461,465.2857702,530.783282,534.4591098,631.5667532,701.0951465,695.5543196,715.5801258,719.1676516,627.8611454,580.827041,653.3859368
Lao PDR,LAO,Current health expenditure per capita (current US$),SH.XPD.CHEX.PC.CD,14.37282181,14.75230312,13.17213345,17.96419334,16.5681324,17.67869568,19.58856201,25.19355965,27.1646328,36.21541214,34.99106598,27.5147171,32.98599625,44.128582,46.37335587,52.98524857,55.21358871,62.12463379
Lebanon,LBN,Current health expenditure per capita (current US$),SH.XPD.CHEX.PC.CD,569.6431274,545.7753906,496.3440857,456.4795532,438.1266479,407.026062,470.0803833,520.0504761,553.7247314,592.9928589,659.3505249,711.5842896,713.5563354,673.2970581,676.2923584,655.8455811,667.2995605,719.4434814
Liberia,LBR,Current health expenditure per capita (current US$),SH.XPD.CHEX.PC.CD,12.18988514,9.858258247,8.342242241,7.541222572,21.93664551,25.75693512,24.4736805,36.2521286,34.73233032,43.68090439,44.5045433,54.36535263,55.91019058,58.55216217,64.75006866,72.33189392,69.57575226,56.59902954
Libya,LBY,Current health expenditure per capita (current US$),SH.XPD.CHEX.PC.CD,244.7727661,254.03508,181.1029663,189.8437195,201.9602661,212.2737579,235.0012665,275.6832886,321.5144958,355.9369507,400.8640442,312.5773315,,,,,,
St. Lucia,LCA,Current health expenditure per capita (current US$),SH.XPD.CHEX.PC.CD,288.8788147,288.2373962,303.323761,321.2228394,313.2133179,336.9077759,392.8503723,440.8278503,429.1819763,429.1733704,433.9896851,466.3363037,459.2833557,487.5237427,433.3608704,444.9616089,492.8954468,460.0688171
Latin America & Caribbean,LCN,Current health expenditure per capita (current US$),SH.XPD.CHEX.PC.CD,282.8033572,276.9917624,236.1187409,244.716025,278.4125654,334.211511,397.1137653,472.6708683,539.4575662,543.6259816,641.8632496,713.3911585,711.8614887,735.5650759,738.5663753,650.9227239,608.2269219,684.7595723
Least developed countries: UN classification,LDC,Current health expenditure per capita (current US$),SH.XPD.CHEX.PC.CD,12.23207709,12.17831524,13.09558111,15.14047508,17.9874112,20.3286335,23.98658233,28.49095642,32.91457446,33.59016279,34.76734788,38.00541983,38.8643782,42.9859763,45.14983242,45.69761365,44.72027711,47.1952865
Low income,LIC,Current health expenditure per capita (current US$),SH.XPD.CHEX.PC.CD,14.74214773,13.90692291,14.6537738,16.31177297,18.86485333,21.28512571,24.12607953,27.80876975,31.4468626,31.80500518,33.6963284,34.16390392,35.388813,35.37373569,38.10787923,35.8447313,33.72245511,33.61159144
Liechtenstein,LIE,Current health expenditure per capita (current US$),SH.XPD.CHEX.PC.CD,,,,,,,,,,,,,,,,,,
Sri Lanka,LKA,Current health expenditure per capita (current US$),SH.XPD.CHEX.PC.CD,43.70681763,41.32081223,42.85560226,42.38858414,50.96248627,57.36343002,65.48428345,73.84449005,93.0851593,100.5638504,108.6149597,119.4628677,114.0491257,138.5542145,138.7720947,151.3675842,153.0967865,159.4847412
Lower middle income,LMC,Current health expenditure per capita (current US$),SH.XPD.CHEX.PC.CD,21.71051863,22.73814703,23.37812735,26.94265126,30.29543398,35.38896562,40.83406695,48.63459441,54.0299901,53.84309409,62.30654297,69.00459644,72.25189186,79.07581046,79.00021025,78.77900079,79.20224601,83.42017062
Low & middle income,LMY,Current health expenditure per capita (current US$),SH.XPD.CHEX.PC.CD,61.75401169,62.20039364,60.89543331,67.95922075,78.72697074,92.76603741,108.0634565,129.8803943,154.7106352,159.4305191,182.6813157,209.5598092,222.816444,238.9615238,244.2013653,232.1549754,228.3985527,250.5529784
Lesotho,LSO,Current health expenditure per capita (current US$),SH.XPD.CHEX.PC.CD,28.54430008,28.20800209,23.83827209,33.14006042,41.9851532,41.74268723,49.15748215,65.36341858,68.18341064,79.424263,92.61012268,121.3775253,112.9377441,111.9074936,108.2992477,98.12259674,84.16246033,104.5527954
Late-demographic dividend,LTE,Current health expenditure per capita (current US$),SH.XPD.CHEX.PC.CD,88.24479774,89.06965291,94.69662923,105.7915405,124.2690605,149.0530058,176.5080285,217.630735,274.9000472,286.9550355,326.5454052,387.2129995,415.9836004,456.6638857,477.5788553,448.4074259,451.3838404,506.2166493
Lithuania,LTU,Current health expenditure per capita (current US$),SH.XPD.CHEX.PC.CD,217.1761322,218.8180237,254.3668823,338.8630676,366.9596863,438.9326782,536.057373,704.2931519,936.5093384,864.7363892,805.2244873,925.4716187,896.9370728,958.9271851,1021.232971,920.1997681,988.5279541,1078.179199
Luxembourg,LUX,Current health expenditure per capita (current US$),SH.XPD.CHEX.PC.CD,2893.994141,3106.483398,3583.946777,4597.075195,5600.30127,5815.830566,6065.344238,6662.445313,7548.198242,7639.851074,7452.205078,7164.688477,7096.870117,6522.022949,6680.973633,5567.418457,5595.554199,5782.628418
Latvia,LVA,Current health expenditure per capita (current US$),SH.XPD.CHEX.PC.CD,181.5707245,205.0204773,237.295166,280.5087891,393.2980652,440.8097534,552.3015747,807.0426025,913.5214844,744.6616211,689.0772095,764.5917358,745.5174561,807.1300049,855.6263428,775.552002,874.2036133,930.352356
"Macao SAR, China",MAC,Current health expenditure per capita (current US$),SH.XPD.CHEX.PC.CD,,,,,,,,,,,,,,,,,,
St. Martin (French part),MAF,Current health expenditure per capita (current US$),SH.XPD.CHEX.PC.CD,,,,,,,,,,,,,,,,,,
Morocco,MAR,Current health expenditure per capita (current US$),SH.XPD.CHEX.PC.CD,53.58208084,55.84341431,63.39969254,79.44080353,93.43575287,97.32471466,109.8731613,137.2692566,155.2431946,169.6273041,168.6640167,176.8651428,169.489151,179.6209259,170.1156311,147.4444275,153.4549103,161.0108643
Monaco,MCO,Current health expenditure per capita (current US$),SH.XPD.CHEX.PC.CD,1410.947144,1435.962646,1569.223755,2229.539307,2584.741211,2632.081787,2689.532959,2988.306885,3475.743652,3397.052246,3369.151123,3532.959717,3396.687256,3710.3125,3863.57251,3314.173584,2938.534424,2932.421875
Moldova,MDA,Current health expenditure per capita (current US$),SH.XPD.CHEX.PC.CD,21.37988472,25.39859009,33.9242363,38.43836975,64.60713959,79.33213043,100.1081467,135.4436646,185.5611572,208.5300446,198.2889404,214.9824677,223.6189575,231.6622925,230.7698212,186.4364319,171.1941071,191.1857758
Madagascar,MDG,Current health expenditure per capita (current US$),SH.XPD.CHEX.PC.CD,12.86519241,15.53348637,15.12862587,17.46053123,15.03719425,16.50335312,17.19776154,19.67165375,22.19979286,20.83814621,21.95882225,23.59222603,19.57547188,19.53075981,22.99713135,22.90582275,24.47072411,24.6708374
Maldives,MDV,Current health expenditure per capita (current US$),SH.XPD.CHEX.PC.CD,221.1403198,229.5926819,247.1714325,235.9890747,295.7519531,322.0964355,387.260498,461.7489624,755.1884766,667.7261963,602.659668,585.9229736,648.1459961,674.5965576,716.18927,853.5374756,1052.516113,1006.938782
Middle East & North Africa,MEA,Current health expenditure per capita (current US$),SH.XPD.CHEX.PC.CD,147.9390242,154.9495104,153.5563055,150.4983013,165.7167488,185.0066917,207.52421,242.6253374,287.3844736,319.1518585,341.5410096,391.1091413,412.6699865,429.4750511,450.7939821,428.8316582,452.7828817,458.9608512
Mexico,MEX,Current health expenditure per capita (current US$),SH.XPD.CHEX.PC.CD,309.6332703,353.9034424,375.2424011,401.4545898,435.2888489,472.1081238,501.0375671,542.7859497,556.534668,477.6488647,538.744751,565.1291504,580.7484741,617.8746948,595.8328247,539.0283203,474.6098938,494.6776428
Marshall Islands,MHL,Current health expenditure per capita (current US$),SH.XPD.CHEX.PC.CD,423.4267578,385.395874,367.1309814,364.7119141,445.8000793,581.3009033,606.0843506,517.2572021,501.5952148,475.6647949,488.5588989,494.609375,514.6635742,538.5904541,521.8833618,600.805481,666.4742432,642.1991577
Middle income,MIC,Current health expenditure per capita (current US$),SH.XPD.CHEX.PC.CD,65.67778378,66.28995208,65.09369987,72.69834642,84.31063794,99.54406088,116.155983,139.8876881,166.9971541,172.3561322,197.964601,227.8141898,242.6190339,260.0215221,265.8707153,253.1405726,248.6076624,273.8867012
North Macedonia,MKD,Current health expenditure per capita (current US$),SH.XPD.CHEX.PC.CD,164.4736481,152.1587219,175.036026,217.2165527,233.9919281,233.1068573,245.6690521,265.3585815,314.135437,296.6576843,305.2325745,329.9670105,310.8112488,350.2652283,343.9250183,306.9180603,327.4185181,328.4197998
Mali,MLI,Current health expenditure per capita (current US$),SH.XPD.CHEX.PC.CD,14.98141193,15.86767292,16.69367218,20.34435081,23.34414673,24.66494179,27.73098946,30.45609093,33.99746323,35.50376129,32.6487999,32.94842529,28.62101555,31.88500214,37.90277481,30.83253479,29.39470673,31.37810516
Malta,MLT,Current health expenditure per capita (current US$),SH.XPD.CHEX.PC.CD,647.1015015,685.9840088,830.6463013,1074.09314,1223.857422,1379.686401,1474.484497,1596.123169,1751.165039,1677.362305,1733.668823,1960.061157,1898.60144,2121.082275,2462.484619,2249.858643,2328.236328,2585.563965
Myanmar,MMR,Current health expenditure per capita (current US$),SH.XPD.CHEX.PC.CD,3.350789309,3.463567972,5.296362877,4.912911892,5.237722874,5.709894657,6.321706772,7.399073601,10.96914196,13.93585968,15.08073807,20.42988205,27.76971817,36.81734848,52.98218536,62.02728271,58.19331741,58.04395676
Middle East & North Africa (excluding high income),MNA,Current health expenditure per capita (current US$),SH.XPD.CHEX.PC.CD,80.90546443,85.78478927,86.89414701,84.19068145,96.7622446,108.2359427,121.4063123,148.1009456,180.3841225,204.3640379,224.7663073,254.4650697,263.3754961,251.5873613,249.7643299,240.0508035,260.9710096,262.1530717
Montenegro,MNE,Current health expenditure per capita (current US$),SH.XPD.CHEX.PC.CD,,,,,,,,,,,,,,,,,,
Mongolia,MNG,Current health expenditure per capita (current US$),SH.XPD.CHEX.PC.CD,27.008358,26.48555946,29.65273857,26.50237274,33.16710663,37.50835037,50.04564667,66.5925293,97.50124359,76.61486053,99.10882568,135.1822205,168.386673,178.3675537,175.2084656,167.2857361,163.4577332,148.7844543
Northern Mariana Islands,MNP,Current health expenditure per capita (current US$),SH.XPD.CHEX.PC.CD,,,,,,,,,,,,,,,,,,
Mozambique,MOZ,Current health expenditure per capita (current US$),SH.XPD.CHEX.PC.CD,10.4503212,12.47159004,13.17751122,14.91689587,16.75834274,23.37596893,23.34869576,23.03261948,22.99744415,22.98418427,21.47371101,23.60878181,31.05710411,32.86771774,37.19557953,27.83434296,19.45346451,21.07115555
Mauritania,MRT,Current health expenditure per capita (current US$),SH.XPD.CHEX.PC.CD,22.20443344,22.3627758,24.76173019,27.97454453,29.67688179,31.93051147,32.89576721,37.74172974,46.05247116,41.83398819,41.11913681,45.01359177,46.68034744,52.77284241,56.54767609,54.65176392,44.89452744,48.81713104
Mauritius,MUS,Current health expenditure per capita (current US$),SH.XPD.CHEX.PC.CD,118.9770737,119.4685364,135.9414368,162.0018463,189.9288025,197.6750488,209.1470184,235.8463745,321.8082581,310.1473694,367.1207886,396.6302185,398.1590576,452.5140686,559.505127,529.161377,553.0965576,599.6997681
Malawi,MWI,Current health expenditure per capita (current US$),SH.XPD.CHEX.PC.CD,8.909747124,7.56148386,10.98656845,12.16074181,15.72345924,16.97631454,20.59085464,24.54329491,32.05834579,34.79434967,33.22835541,38.38076782,31.75400162,38.54927826,34.41162872,34.00190353,29.42624474,32.25938416
Malaysia,MYS,Current health expenditure per capita (current US$),SH.XPD.CHEX.PC.CD,111.4155502,114.7081985,121.9134445,143.0026245,155.2648773,164.3391266,203.8542175,234.3573303,270.945343,251.406189,292.8907166,352.5934143,382.2892456,388.6967773,421.9693909,376.057373,361.5219727,384.0660706
North America,NAC,Current health expenditure per capita (current US$),SH.XPD.CHEX.PC.CD,4308.818042,4630.318029,5015.900406,5423.804781,5786.371465,6140.030168,6519.344163,6881.97843,7128.28554,7368.307768,7668.746009,7891.073139,8139.009163,8317.643492,8668.638397,9037.207856,9395.939086,9691.089339
Namibia,NAM,Current health expenditure per capita (current US$),SH.XPD.CHEX.PC.CD,200.7054443,176.8290863,168.7424164,248.1072235,338.7723389,368.2302856,397.471283,452.7573853,399.7796326,375.4596558,504.5536499,550.1514282,546.5714722,490.0492859,452.4641113,477.2374268,414.4676819,447.2806396
New Caledonia,NCL,Current health expenditure per capita (current US$),SH.XPD.CHEX.PC.CD,,,,,,,,,,,,,,,,,,
Niger,NER,Current health expenditure per capita (current US$),SH.XPD.CHEX.PC.CD,10.56444931,11.06475639,12.41332245,14.60109901,16.08685875,20.27990723,21.36328888,22.26753426,26.22145653,27.10619926,23.91414452,24.97103691,22.85086441,24.73128891,25.15015602,26.01409912,22.68334007,29.26165009
Nigeria,NGA,Current health expenditure per capita (current US$),SH.XPD.CHEX.PC.CD,17.72411728,18.59028816,18.19249725,39.41695404,44.60902786,54.5287056,66.51444244,70.03686523,81.19824219,68.96295166,76.7208786,84.42679596,92.57324219,102.5169525,107.8747711,97.77871704,79.36221313,73.92498016
Nicaragua,NIC,Current health expenditure per capita (current US$),SH.XPD.CHEX.PC.CD,53.251194,57.26585007,57.09508133,53.69551086,64.99580383,71.39994049,75.02420044,92.86240387,106.4873734,109.9542999,107.6079636,124.9501953,137.0510101,138.9812775,158.2309265,165.9104309,188.4623718,192.0833893
Netherlands,NLD,Current health expenditure per capita (current US$),SH.XPD.CHEX.PC.CD,2023.143677,2173.828369,2532.855225,3237.084473,3682.854004,3821.959473,4076.595703,4689.932617,5360.748535,5261.570801,5186.632813,5554.845215,5284.94873,5531.153809,5594.431152,4674.679688,4753.376953,4911.44043
Norway,NOR,Current health expenditure per capita (current US$),SH.XPD.CHEX.PC.CD,2948.931641,3099.003418,3889.959473,4632.568359,5097.344238,5584.689453,5892.987305,6895.560547,7768.050293,7301.959961,7859.516113,8900.37207,8970.120117,9241.265625,9118.317383,7565.549805,7496.768555,7936.375
Nepal,NPL,Current health expenditure per capita (current US$),SH.XPD.CHEX.PC.CD,8.625580788,10.60214615,10.78904819,11.39634037,13.28582764,14.51614571,14.00998497,17.51404572,19.23009491,21.20324707,29.97179604,34.31938171,33.50967026,34.64684677,41.00934982,45.14484024,45.45298004,47.91536331
Nauru,NRU,Current health expenditure per capita (current US$),SH.XPD.CHEX.PC.CD,292.0253601,270.3695068,294.3658142,343.6306152,317.0440369,326.8139343,362.1102905,588.6508179,814.4517822,566.1381836,650.2315674,688.4646606,857.5542603,793.2891846,936.8560791,1054.203247,1264.292603,1106.750977
New Zealand,NZL,Current health expenditure per capita (current US$),SH.XPD.CHEX.PC.CD,1053.891602,1049.376099,1246.313477,1610.937622,1983.658813,2295.177979,2301.875977,2699.345703,2839.066162,2700.886475,3216.223633,3626.029297,3806.579834,3955.531982,4144.538574,3582.272949,3745.216309,3937.221924
OECD members,OED,Current health expenditure per capita (current US$),SH.XPD.CHEX.PC.CD,2223.433128,2303.678746,2487.449623,2821.514069,3092.100698,3260.67659,3432.885424,3725.204223,3990.420081,4045.767703,4188.192091,4496.015073,4505.446827,4569.446255,4688.948167,4534.544846,4683.218852,4834.785341
Oman,OMN,Current health expenditure per capita (current US$),SH.XPD.CHEX.PC.CD,263.5154419,261.3363037,274.4469604,287.7733765,301.42453,320.2098999,332.9471741,383.400116,444.197937,475.0041504,529.076416,535.3108521,564.4051514,592.5321045,721.9329224,706.3706665,645.1182251,587.6463013
Other small states,OSS,Current health expenditure per capita (current US$),SH.XPD.CHEX.PC.CD,223.9769009,221.3385907,245.100982,309.9255508,358.7739722,391.6799688,416.3988509,486.9910329,533.5635599,509.6776532,518.7642597,568.5474486,577.7162808,622.4506809,660.9283024,622.5800079,614.1204725,639.8970204
Pakistan,PAK,Current health expenditure per capita (current US$),SH.XPD.CHEX.PC.CD,16.01162529,14.00512695,15.70380783,14.97817039,16.24467278,20.70999146,26.09496307,29.77554131,26.98818207,25.2708416,26.5686245,28.48985481,28.4650116,31.55068207,36.52147675,37.88962173,41.0112114,44.59296417
Panama,PAN,Current health expenditure per capita (current US$),SH.XPD.CHEX.PC.CD,286.1367188,281.7444153,292.8473816,287.9050598,326.3393555,304.6506348,350.4006653,427.019165,489.8070374,529.855896,579.5228271,619.0647583,705.2017822,790.0667725,883.6765747,927.7602539,1040.400879,1112.303223
Peru,PER,Current health expenditure per capita (current US$),SH.XPD.CHEX.PC.CD,89.45643616,97.49807739,105.7867966,111.9560776,117.2075119,123.3025513,141.9859619,159.0795898,189.0302124,207.3756714,239.3392792,265.5020447,304.1913147,310.9342651,326.2052917,306.8320007,309.9621887,332.5709229
Philippines,PHL,Current health expenditure per capita (current US$),SH.XPD.CHEX.PC.CD,32.77552414,28.211586,27.3349247,32.25115585,34.18307877,46.59819412,54.91727829,65.56161499,77.3146286,79.46684265,91.84031677,98.94901276,112.94561,123.2141342,117.3399124,124.3834991,130.0459595,132.9009857
Palau,PLW,Current health expenditure per capita (current US$),SH.XPD.CHEX.PC.CD,675.6680298,638.8675537,667.8123779,705.2000122,831.4173584,868.2850342,912.8586426,955.4980469,924.8858643,932.2166138,1037.799683,1013.56073,1182.952881,1292.215698,1402.135254,1498.625488,1674.550293,1596.362915
Papua New Guinea,PNG,Current health expenditure per capita (current US$),SH.XPD.CHEX.PC.CD,18.722332,18.23724937,20.76949883,22.40012932,26.43141174,28.46042633,31.3267231,34.86532211,36.71631622,38.95797729,42.25284195,56.75515366,76.42920685,83.92850494,97.89767456,49.88833237,59.84069824,61.45783997
Poland,POL,Current health expenditure per capita (current US$),SH.XPD.CHEX.PC.CD,238.0044861,282.8210449,315.8314514,339.3352051,392.0033875,465.7001953,524.0974731,660.9246826,892.5968628,759.6057739,809.1994019,866.0946655,815.1418457,878.088501,911.2981567,803.9596558,813.4727783,906.8201294
Pre-demographic dividend,PRE,Current health expenditure per capita (current US$),SH.XPD.CHEX.PC.CD,17.3346998,17.29033538,17.88933482,25.556497,31.03069705,35.65394616,42.67505597,49.94650336,58.37246763,56.07192612,57.12727904,61.60983364,64.17419675,70.91775428,72.49196849,66.99458707,62.40553194,65.8968914
Puerto Rico,PRI,Current health expenditure per capita (current US$),SH.XPD.CHEX.PC.CD,,,,,,,,,,,,,,,,,,
"Korea, Dem. People’s Rep.",PRK,Current health expenditure per capita (current US$),SH.XPD.CHEX.PC.CD,,,,,,,,,,,,,,,,,,
Portugal,PRT,Current health expenditure per capita (current US$),SH.XPD.CHEX.PC.CD,967.1439209,988.7559204,1105.169556,1405.871094,1679.228394,1773.479126,1812.602417,2067.124023,2322.031494,2279.470703,2213.0979,2207.695557,1918.599243,1959.424683,1986.894531,1724.528442,1802.774292,1908.033936
Paraguay,PRY,Current health expenditure per capita (current US$),SH.XPD.CHEX.PC.CD,91.90170288,79.24260712,54.75959778,58.95074463,71.39472198,75.647789,96.63381958,124.958519,169.1345367,162.8451996,202.8670044,270.7251892,341.3824463,362.3774414,408.5275574,367.5166931,360.5451965,381.1130676
West Bank and Gaza,PSE,Current health expenditure per capita (current US$),SH.XPD.CHEX.PC.CD,,,,,,,,,,,,,,,,,,
Pacific island small states,PSS,Current health expenditure per capita (current US$),SH.XPD.CHEX.PC.CD,88.07270736,85.47942148,94.67565527,101.5118469,126.1319064,149.0588149,147.6302044,154.7775184,161.3474891,150.3719808,160.1151518,176.710709,181.5166281,188.2974879,197.4515781,187.7463464,196.5900619,199.0090411
Post-demographic dividend,PST,Current health expenditure per capita (current US$),SH.XPD.CHEX.PC.CD,2477.658706,2571.538212,2782.584668,3163.643421,3464.735105,3654.023182,3850.560794,4177.424083,4474.400682,4563.239151,4725.830363,5088.083596,5110.251025,5185.165076,5335.629755,5182.161223,5369.068832,5550.623793
French Polynesia,PYF,Current health expenditure per capita (current US$),SH.XPD.CHEX.PC.CD,,,,,,,,,,,,,,,,,,
Qatar,QAT,Current health expenditure per capita (current US$),SH.XPD.CHEX.PC.CD,602.3201904,657.979187,736.7611694,1206.324341,1285.689331,1322.78479,1327.681519,1322.241699,1327.578979,1321.488647,1257.945923,1375.136475,1548.309204,1833.387329,2104.407227,2031.892944,1800.474365,1649.186157
Romania,ROU,Current health expenditure per capita (current US$),SH.XPD.CHEX.PC.CD,69.89345551,78.8175354,96.57698822,143.5455322,190.7950592,254.5296173,291.0040894,415.0679016,521.3156128,449.3769226,472.2075195,426.5997314,401.671051,495.2362366,503.3475342,442.2440186,476.2435608,555.1047363
Russian Federation,RUS,Current health expenditure per capita (current US$),SH.XPD.CHEX.PC.CD,95.41753387,118.1223373,140.7755737,164.6775513,209.2494354,271.9867249,352.7495422,461.8795166,609.8651123,516.6986084,567.3776855,684.7526245,760.0706787,811.1694336,742.2849731,501.853302,469.1309204,585.87323
Rwanda,RWA,Current health expenditure per capita (current US$),SH.XPD.CHEX.PC.CD,9.215166092,7.858521461,7.207231522,17.07342529,20.23244095,25.19824219,31.0561142,36.79618073,42.41351318,45.57663345,48.70920181,51.6364212,56.60580063,46.53759384,48.73165131,46.43984222,48.09704208,49.20445633
South Asia,SAS,Current health expenditure per capita (current US$),SH.XPD.CHEX.PC.CD,17.56121648,18.33386111,18.91654441,20.2778385,23.01817366,25.66899352,27.91661878,33.49285644,35.30441443,35.78738188,41.61968926,44.92268654,45.15478506,51.54350883,53.25018827,55.27714253,57.11720066,64.46539304
Saudi Arabia,SAU,Current health expenditure per capita (current US$),SH.XPD.CHEX.PC.CD,384.3902893,385.6501465,367.7966614,380.6986389,399.2155151,469.3562012,554.2558594,586.395813,595.3254395,690.5139771,702.5631104,882.3187256,1017.09082,1113.491943,1284.789307,1243.627441,1166.081299,1093.405518
Sudan,SDN,Current health expenditure per capita (current US$),SH.XPD.CHEX.PC.CD,17.38329887,18.92264938,20.87003517,28.23505592,36.68495178,46.59827042,69.96349335,104.2639771,106.6891556,110.8227234,109.0749969,125.2001419,99.88221741,124.7958755,115.544136,158.020401,165.9369965,193.793045
Senegal,SEN,Current health expenditure per capita (current US$),SH.XPD.CHEX.PC.CD,21.48113251,23.60497284,26.50250435,35.22631073,41.94367218,35.94121552,38.05958176,40.19574738,48.23565292,49.22101974,50.22180939,56.36767197,54.99401474,58.7443924,59.75076675,51.99167252,52.60420609,55.01403809
Singapore,SGP,Current health expenditure per capita (current US$),SH.XPD.CHEX.PC.CD,820.6981812,706.734375,752.2897339,828.8669434,829.2338867,863.3361816,945.7785034,1084.877319,1275.143311,1328.818115,1513.565918,1704.372925,1863.081055,2114.615234,2237.400879,2326.265137,2489.906006,2618.712402
Solomon Islands,SLB,Current health expenditure per capita (current US$),SH.XPD.CHEX.PC.CD,48.48805618,63.10321808,80.10824585,55.81118011,68.13728333,92.69966888,90.78744507,91.5692749,97.33994293,91.48025513,93.66629028,122.7573395,107.8765259,110.1784439,119.8355179,103.1622467,106.3385925,101.2398682
Sierra Leone,SLE,Current health expenditure per capita (current US$),SH.XPD.CHEX.PC.CD,23.4146347,25.25151825,28.88007355,28.86620712,29.19068718,32.19964981,33.50392151,36.0115242,40.12765503,43.16043091,43.68095779,59.10702133,59.50331497,82.22550964,139.7573395,119.8245621,86.30818939,66.40218353
El Salvador,SLV,Current health expenditure per capita (current US$),SH.XPD.CHEX.PC.CD,179.2502289,183.5322876,187.1434784,186.4378967,194.3544769,205.6842041,209.3209076,213.5994415,225.6322937,240.8505402,246.4757996,266.7733459,259.1697998,271.5424805,276.2991943,283.3117676,293.7859192,282.4910278
San Marino,SMR,Current health expenditure per capita (current US$),SH.XPD.CHEX.PC.CD,1934.978027,1952.937256,2019.280518,2243.462646,2910.925537,3012.349609,3218.154053,3747.700439,4295.395508,4205.148438,4001.796875,4280.185547,4026.014404,4014.552246,3873.618164,3163.792969,3021.65332,3361.644775
Somalia,SOM,Current health expenditure per capita (current US$),SH.XPD.CHEX.PC.CD,,,,,,,,,,,,,,,,,,
Serbia,SRB,Current health expenditure per capita (current US$),SH.XPD.CHEX.PC.CD,56.50499725,112.2206192,173.2740631,230.1070862,274.4285583,307.5655823,371.557312,547.1903687,671.9564819,575.4691162,545.2910767,619.0800171,559.8135986,627.53302,608.8585815,491.25177,496.4156189,528.545166
Sub-Saharan Africa (excluding high income),SSA,Current health expenditure per capita (current US$),SH.XPD.CHEX.PC.CD,31.92994995,29.86407129,28.37677162,40.95203432,49.48106893,55.74944977,62.29760678,69.22260156,74.38629956,73.61222953,83.65250682,90.24229919,90.65856498,92.47877615,92.18555948,86.05969853,79.33536801,83.69329497
South Sudan,SSD,Current health expenditure per capita (current US$),SH.XPD.CHEX.PC.CD,,,,,,,,,,,,,,,,,,22.88857269
Sub-Saharan Africa,SSF,Current health expenditure per capita (current US$),SH.XPD.CHEX.PC.CD,31.97028737,29.910745,28.42022877,40.99985432,49.53325368,55.8017121,62.35048764,69.26670478,74.42493386,73.64317572,83.69791129,90.28667698,90.71454189,92.53285994,92.24260699,86.11628855,79.40230693,83.75881801
Small states,SST,Current health expenditure per capita (current US$),SH.XPD.CHEX.PC.CD,222.2901837,218.7778928,240.9622936,289.845428,336.3049603,367.0870241,393.1181529,455.300017,498.2417483,477.1654273,489.6699994,531.5348827,543.0040493,580.5197942,610.3195751,586.6775161,580.0135042,602.0382081
Sao Tome and Principe,STP,Current health expenditure per capita (current US$),SH.XPD.CHEX.PC.CD,58.18510056,54.76665115,58.79289627,81.25970459,81.65080261,92.61803436,69.30302429,72.44796753,80.11459351,79.11147308,77.33300018,88.11901093,89.43569946,128.5503693,122.8050461,86.91471863,110.251152,119.6956558
Suriname,SUR,Current health expenditure per capita (current US$),SH.XPD.CHEX.PC.CD,168.4034729,93.4313736,162.636261,173.0663147,221.2443237,251.5494843,326.5523682,322.102417,348.5854187,396.79245,417.6893921,392.7755432,425.3768005,455.7103271,463.0393677,538.210022,356.0515137,339.3279724
Slovak Republic,SVK,Current health expenditure per capita (current US$),SH.XPD.CHEX.PC.CD,203.5062714,212.2220764,254.127655,344.4733582,511.5298767,601.3132324,729.0132446,1029.300415,1251.677246,1314.802368,1295.278931,1350.669189,1319.512817,1370.078369,1287.632813,1108.431763,1174.798584,1186.136353
Slovenia,SVN,Current health expenditure per capita (current US$),SH.XPD.CHEX.PC.CD,796.6470337,826.225769,944.8713989,1203.063477,1368.648682,1449.189209,1541.664307,1793.57605,2170.666748,2116.540039,2015.18042,2144.995605,1974.965576,2054.797363,2059.640381,1775.145874,1834.160767,1920.28186
Sweden,SWE,Current health expenditure per capita (current US$),SH.XPD.CHEX.PC.CD,2173.193848,2169.95752,2477.208008,3134.474365,3513.293457,3573.54541,3788.660889,4321.836914,4652.80957,4151.79834,4437.119141,6386.692871,6273.509766,6723.074707,6628.458984,5623.214355,5707.058105,5904.583984
Eswatini,SWZ,Current health expenditure per capita (current US$),SH.XPD.CHEX.PC.CD,75.47779083,73.87680817,73.18050385,128.9089966,172.3785858,211.9854126,229.860321,241.6676941,251.7789459,261.7923584,317.0351868,333.229126,306.1691284,269.6467285,247.8033752,217.2237244,193.782486,224.7367706
Sint Maarten (Dutch part),SXM,Current health expenditure per capita (current US$),SH.XPD.CHEX.PC.CD,,,,,,,,,,,,,,,,,,
Seychelles,SYC,Current health expenditure per capita (current US$),SH.XPD.CHEX.PC.CD,349.3224792,406.5769653,377.6629639,440.1113281,498.4817505,515.4780273,530.3119507,468.2055969,425.572876,361.5524292,512.2929688,532.2078857,657.9508667,645.4216309,682.2625122,674.2251587,784.5978394,791.6566772
Syrian Arab Republic,SYR,Current health expenditure per capita (current US$),SH.XPD.CHEX.PC.CD,54.21872711,58.4727478,63.92448044,61.29400635,61.74627304,63.79108429,66.12520599,76.35629272,87.85649109,92.15205383,94.25392151,81.55712891,69.89218903,,,,,
Turks and Caicos Islands,TCA,Current health expenditure per capita (current US$),SH.XPD.CHEX.PC.CD,,,,,,,,,,,,,,,,,,
Chad,TCD,Current health expenditure per capita (current US$),SH.XPD.CHEX.PC.CD,10.2537241,11.81969833,18.16082764,18.23865318,28.29926872,32.07445908,34.75975418,34.96266937,37.88076782,35.86364746,36.48620987,38.72566986,37.6460495,40.22093201,44.02821732,35.34744263,34.61156845,29.73086357
East Asia & Pacific (IDA & IBRD countries),TEA,Current health expenditure per capita (current US$),SH.XPD.CHEX.PC.CD,38.09438909,39.24888397,43.79450484,50.02720975,56.27822031,64.6225397,74.20876096,88.81824486,116.1621643,138.0499144,160.4558701,199.6001509,233.3364167,265.3014186,288.905563,308.2289711,313.7192637,344.2893992
Europe & Central Asia (IDA & IBRD countries),TEC,Current health expenditure per capita (current US$),SH.XPD.CHEX.PC.CD,106.4538848,115.3615964,135.5000099,164.4644341,205.4169461,256.6200229,308.6602159,392.4085883,493.9388671,426.9454903,460.7139894,512.4686798,537.5808307,576.4635761,542.4394598,423.5850883,413.1574579,462.7153099
Togo,TGO,Current health expenditure per capita (current US$),SH.XPD.CHEX.PC.CD,9.909592628,9.917506218,11.15905571,13.71531105,15.04929543,15.9251976,16.736866,19.65684509,23.83530235,26.36008263,31.08581161,34.71694183,34.67703247,38.62378693,40.19229126,35.21372223,38.77137375,38.04871368
Thailand,THA,Current health expenditure per capita (current US$),SH.XPD.CHEX.PC.CD,62.25963211,57.29093933,69.89767456,76.50308228,83.49060822,91.43128967,104.4275513,126.8236008,151.4736328,152.4512939,172.0576935,195.9386597,206.4404449,213.0030975,219.3661652,214.3841248,225.3467102,247.0351105
Tajikistan,TJK,Current health expenditure per capita (current US$),SH.XPD.CHEX.PC.CD,5.971383095,7.661964417,8.326761246,11.1118021,14.82056141,17.56365013,20.20809555,28.757761,41.51357269,39.00946045,42.34384155,48.89834976,57.10671997,67.94535828,73.61736298,63.45685577,55.74301147,57.89985275
Turkmenistan,TKM,Current health expenditure per capita (current US$),SH.XPD.CHEX.PC.CD,76.63777161,123.7941513,132.5186768,208.8676147,319.2585754,345.1430969,374.1834106,281.9349976,255.4769135,194.2539673,221.798584,276.6517029,318.807312,376.223877,437.7528076,405.1263123,423.0467224,456.482666
Latin America & the Caribbean (IDA & IBRD countries),TLA,Current health expenditure per capita (current US$),SH.XPD.CHEX.PC.CD,284.4077317,278.047708,235.8210733,244.233422,278.4505155,333.3354237,396.280897,469.6888467,537.0489759,540.0529254,641.6994591,712.9966927,713.142207,735.2982137,735.5601623,643.9653819,600.4728167,678.3151987
Timor-Leste,TLS,Current health expenditure per capita (current US$),SH.XPD.CHEX.PC.CD,,,,14.49251747,18.85342026,23.76624298,25.98528671,28.62887001,41.86710358,48.66091919,51.43389511,63.22241974,70.14330292,81.68083191,78.84967804,87.39994049,79.89393616,83.19770813
Middle East & North Africa (IDA & IBRD countries),TMN,Current health expenditure per capita (current US$),SH.XPD.CHEX.PC.CD,80.90546443,85.78478927,86.89414701,84.19068145,96.7622446,108.2359427,121.4063123,148.1009456,180.3841225,204.3640379,224.7663073,254.4650697,263.3754961,251.5873613,249.7643299,240.0508035,260.9710096,262.1530717
Tonga,TON,Current health expenditure per capita (current US$),SH.XPD.CHEX.PC.CD,58.20693588,59.8922348,67.93270111,73.88407898,110.4952698,116.6062546,159.3274994,144.3244324,203.504776,126.7018814,177.7108917,168.1076355,221.7187805,177.0324707,215.9649658,180.9068604,206.609787,222.0154877
South Asia (IDA & IBRD),TSA,Current health expenditure per capita (current US$),SH.XPD.CHEX.PC.CD,17.56121648,18.33386111,18.91654441,20.2778385,23.01817366,25.66899352,27.91661878,33.49285644,35.30441443,35.78738188,41.61968926,44.92268654,45.15478506,51.54350883,53.25018827,55.27714253,57.11720066,64.46539304
Sub-Saharan Africa (IDA & IBRD countries),TSS,Current health expenditure per capita (current US$),SH.XPD.CHEX.PC.CD,31.97028737,29.910745,28.42022877,40.99985432,49.53325368,55.8017121,62.35048764,69.26670478,74.42493386,73.64317572,83.69791129,90.28667698,90.71454189,92.53285994,92.24260699,86.11628855,79.40230693,83.75881801
Trinidad and Tobago,TTO,Current health expenditure per capita (current US$),SH.XPD.CHEX.PC.CD,277.0341187,284.1289063,338.1203308,373.8591003,449.7051086,552.8843994,592.9710693,695.9567871,783.9490967,810.3747559,861.5410156,912.3320923,936.5928345,1017.281677,1060.558472,1115.518188,1092.945679,1124.091675
Tunisia,TUN,Current health expenditure per capita (current US$),SH.XPD.CHEX.PC.CD,111.7662201,114.9828796,126.0006638,150.9116669,169.7565765,172.4176178,181.4615173,205.1417542,233.4981537,234.1922302,243.6066589,273.8082275,273.343811,287.9223022,290.9744873,268.2214355,256.5018311,250.5622253
Turkey,TUR,Current health expenditure per capita (current US$),SH.XPD.CHEX.PC.CD,199.4996033,153.624588,186.697998,238.7001801,299.5744019,364.9083862,416.8885498,512.7345581,570.6853027,500.0683594,539.3276978,531.663269,524.8210449,552.40625,527.2006836,454.6096802,468.6466675,444.6536865
Tuvalu,TUV,Current health expenditure per capita (current US$),SH.XPD.CHEX.PC.CD,358.1106262,271.27948,217.2462616,286.66922,227.7967834,242.233017,298.1581726,294.6646118,313.6955566,375.3589172,500.0084839,567.7412109,532.7411499,630.8500366,571.2965088,535.9991455,554.2182617,622.1766968
Tanzania,TZA,Current health expenditure per capita (current US$),SH.XPD.CHEX.PC.CD,12.36038399,15.20865917,17.04178238,20.36119843,23.36252594,27.55261993,35.30046463,35.81625366,35.68033981,32.85753632,36.10598373,36.52487183,40.53504944,41.91663361,38.40435791,32.0931282,35.49967575,33.91657639
Uganda,UGA,Current health expenditure per capita (current US$),SH.XPD.CHEX.PC.CD,18.80055809,20.27122688,22.09596252,21.84765816,30.91171265,38.23343658,43.30336761,51.54134369,56.74368668,55.21174622,62.66848373,53.67903137,53.27355957,49.63246155,50.29095459,39.77129364,38.96722412,38.42644119
Ukraine,UKR,Current health expenditure per capita (current US$),SH.XPD.CHEX.PC.CD,35.13031387,44.78530502,52.87698364,68.91822052,84.58527374,116.3277206,148.3464813,185.8313904,215.6572723,168.2019806,202.3390503,244.0137024,275.853302,298.8556824,197.3648224,141.5749207,141.9353485,177.4088898
Upper middle income,UMC,Current health expenditure per capita (current US$),SH.XPD.CHEX.PC.CD,109.1915088,109.7960585,107.1605247,118.7861204,139.2122993,165.3360987,194.0921734,235.1600513,285.9777254,298.2295312,343.9520368,400.0838453,429.2807884,459.6956351,473.5062884,448.2079008,439.3856551,489.7739256
Uruguay,URY,Current health expenditure per capita (current US$),SH.XPD.CHEX.PC.CD,687.617981,668.630188,430.0263672,378.428894,371.3077393,439.9475098,494.4122009,570.6231079,799.9179688,813.1199951,1025.997681,1223.317383,1322.689331,1488.914917,1467.951172,1398.512085,1400.705078,1591.533203
United States,USA,Current health expenditure per capita (current US$),SH.XPD.CHEX.PC.CD,4560.055176,4910.724121,5328.275879,5737.104004,6099.77002,6451.770508,6819.760254,7175.855469,7420.708496,7699.429199,7957.279297,8169.907715,8440.995117,8647.643555,9067.999023,9538.070313,9941.347656,10246.13867
Uzbekistan,UZB,Current health expenditure per capita (current US$),SH.XPD.CHEX.PC.CD,29.67128944,25.24586105,20.21747208,21.32575607,23.29680634,27.17732811,32.2064743,40.42340851,52.27059555,63.36511612,76.91677094,89.63848114,106.2389603,116.044548,117.3688278,131.6352844,135.4392853,98.82457733
St. Vincent and the Grenadines,VCT,Current health expenditure per capita (current US$),SH.XPD.CHEX.PC.CD,157.7689972,171.2524414,183.9189301,186.0145264,195.8578491,204.3664703,215.8227997,249.8958282,260.5122375,267.6556091,283.5782471,276.176178,297.1615906,301.423645,293.0374756,294.355011,305.752533,320.5932922
"Venezuela, RB",VEN,Current health expenditure per capita (current US$),SH.XPD.CHEX.PC.CD,350.8544006,386.7691345,282.1663513,242.4015961,289.6608887,328.9622803,545.5061035,647.4901123,718.7141113,869.5203857,926.7297363,770.9351196,822.4607544,685.1791992,682.6900024,566.9293213,296.9389038,94.22937775
British Virgin Islands,VGB,Current health expenditure per capita (current US$),SH.XPD.CHEX.PC.CD,,,,,,,,,,,,,,,,,,
Virgin Islands (U.S.),VIR,Current health expenditure per capita (current US$),SH.XPD.CHEX.PC.CD,,,,,,,,,,,,,,,,,,
Vietnam,VNM,Current health expenditure per capita (current US$),SH.XPD.CHEX.PC.CD,18.82835197,23.07425308,19.55471039,22.25064087,28.58421707,34.83954239,42.05620193,49.23758698,58.85295868,64.08854675,78.18682861,89.01892853,108.1571732,118.5485764,116.360199,116.7361908,122.8411713,129.5759583
Vanuatu,VUT,Current health expenditure per capita (current US$),SH.XPD.CHEX.PC.CD,48.68907166,46.23836517,52.86126709,55.42841721,63.29180908,62.35200119,67.99958038,72.96443939,82.26808167,83.50608063,100.099884,114.5718918,118.9251404,131.5757599,108.8041687,119.3709869,109.9450607,105.6665268
World,WLD,Current health expenditure per capita (current US$),SH.XPD.CHEX.PC.CD,474.9745664,488.0963871,517.2591703,580.7620845,640.7849977,680.1815394,721.657814,790.012211,856.7422447,869.9678554,908.9032486,983.2057909,992.9490915,1015.910381,1039.337067,998.7014386,1021.223594,1061.057136
Samoa,WSM,Current health expenditure per capita (current US$),SH.XPD.CHEX.PC.CD,62.98036575,58.81283188,76.12429047,85.67984772,108.9432297,126.1756744,138.4928741,153.3132477,162.7754364,178.949646,192.5092468,220.1610107,205.0393829,257.4493408,259.1813965,222.8976135,227.1501312,233.0650635
Kosovo,XKX,Current health expenditure per capita (current US$),SH.XPD.CHEX.PC.CD,,,,,,,,,,,,,,,,,,
"Yemen, Rep.",YEM,Current health expenditure per capita (current US$),SH.XPD.CHEX.PC.CD,25.15490913,26.49779129,27.31301498,34.84279633,38.21946335,42.37379074,49.86103821,57.95330048,69.35739899,65.47783661,67.54758453,64.36103058,73.82607269,78.39015198,79.74615479,72.03946686,,
South Africa,ZAF,Current health expenditure per capita (current US$),SH.XPD.CHEX.PC.CD,221.7829742,195.1963196,169.0221863,254.3037109,322.7164001,354.062439,362.463623,386.0000305,372.3551025,413.0740967,539.567627,597.359436,579.7485352,526.4995728,509.8332214,470.7969666,428.296875,499.2375488
Zambia,ZMB,Current health expenditure per capita (current US$),SH.XPD.CHEX.PC.CD,24.45399857,24.78647995,25.62234116,30.85681152,37.38458633,47.44694138,60.50804901,48.07859802,54.92886734,50.42586517,54.42088318,56.91175079,68.19180298,86.81954956,66.55566406,58.51765442,56.54418182,67.64866638
Zimbabwe,ZWE,Current health expenditure per capita (current US$),SH.XPD.CHEX.PC.CD,,,,,,,,,,,91.17743683,75.41898346,75.38772583,83.08901215,99.55377197,94.29000854,98.57963562,110.1496201
